,words,
son,10056,
mÃ u,8090,
hÃ ng,5712,
Ä‘áº¹p,5329,
giao,3778,
ráº¥t,3658,
shop,3356,
gÃ³i,3236,
khÃ´ng,3168,
cháº¥t,3094,
mua,3047,
lÃªn,3013,
nhanh,2849,
mÃ¬nh,2846,
mÃ´i,2760,
Ä‘Ã³ng,2690,
nhÆ°ng,2317,
cÃ³,2205,
lÃ ,2007,
vÃ ,1921,
láº¯m,1868,
thÃ¬,1808,
nÃªn,1655,
sáº£n,1632,
xinh,1620,
pháº©m,1607,
luÃ´n,1504,
hÆ¡i,1468,
mÃ ,1447,
Ä‘Æ°á»£c,1368,
má»‹n,1347,
nhÆ°,1343,
Ä‘Ã¡nh,1324,
láº§n,1319,
lÃ¢u,1308,
siÃªu,1287,
cÅ©ng,1251,
lÆ°á»£ng,1246,
tháº­n,1238,
thÆ¡m,1236,
mÃ¹i,1231,
cáº©n,1223,
sáº½,1223,
thÃ­ch,1188,
cháº¯c,1174,
nÃ y,1174,
áº¡,1154,
Æ°ng,1151,
bá»‹,1116,
láº¡i,1087,
quÃ¡,1068,
dÃ¹ng,1017,
khÃ´,1014,
k,1000,khÃ´ng
ko,1000,khÃ´ng
lÃ¬,984,
cháº¯n,953,
rá»“i,948,
trÃ´i,937,
khÃ¡,929,
Ä‘Ã£,918,
chuáº©n,899,
há»™,897,
ná»¯a,892,
tá»‘t,892,
á»§ng,875,
tháº¥y,875,
cÃ²n,866,
nhiá»u,847,
1,845,
vá»›i,844,
há»“ng,838,
cá»±c,835,
giÃ¡,831,
cÃ¢y,815,
hÆ¡n,810,
ok,798,
cá»§a,796,
nháº­n,725,
ra,706,
cho,697,
má»m,696,
há»™p,696,
2,688,
váº«n,662,
cam,653,
Ä‘á»,649,
nha,644,
chÆ°a,626,
má»›i,621,
nÃ³i,621,
Ä‘Ãºng,617,
khi,596,
táº·ng,596,
cáº£m,587,
nÃ o,569,
dá»…,567,
nháº¹,563,
vá»,551,
há»£p,546,
sao,545,
vá»,542,
Ä‘áº·t,531,
pháº£i,521,
vÃ¬,520,
da,502,
háº¿t,495,
3,495,
giá»‘ng,485,
hÃ¬nh,474,
sau,473,
lÃ²ng,473,
Ã½,472,
Ä‘á»ƒ,469,
â¤,468,
tuyá»‡t,466,
cáº£,462,
thá»i,462,
Ä‘c,460,
vá»ng,458,
dÃ i,438,
chung,436,
á»Ÿ,426,
tiá»n,424,
Äƒn,420,
biáº¿t,418,
nhÃ¬n,417,
trong,412,
tiáº¿p,411,
thá»©,408,
tháº¥t,406,
vá»i,406,
cÃ¡i,397,
hÃ£ng,391,
bÃ¡m,391,
báº¡n,391,
bia,385,
nhÃ©,384,
khÃ¡c,378,
hÃ i,369,
chá»‰,365,
Ä‘Ã¡ng,360,
trÃªn,353,
chÃ­nh,344,
kÄ©,336,
lÃ m,336,
thÃªm,335,
gian,331,
á»•n,331,
gÃ¬,330,
Ä‘áº§u,330,
thá»i,327,
thá»­,327,
áº£nh,326,
Æ¡n,324,
trÆ°á»›c,320,
mÆ°á»›t,317,
25,314,
5,309,
ngÆ°á»i,309,
tÃ¢m,302,
bao,299,
má»i,292,
cÃ¡c,290,
ğŸ˜,286,
thÃ´i,284,
lÃºc,280,
váº­y,280,
Ä‘i,278,
Ä‘Ã¢y,277,
má»™t,276,
ngÃ y,276,
tháº­t,272,
tem,271,
sp,269,sáº£n pháº©m
tin,269,
sá»±,268,
em,268,
yÃªu,266,
hay,265,
ráº»,263,
khÃ³,259,
bÃªn,258,
Ä‘áº¿n,258,
Ä‘á»™,250,
mÃ£,250,
kÃ¬,249,
tay,249,
quÃ ,249,
sale,242,
chÃºt,238,
so,238,
nÃ³,236,
lá»›p,232,
ngoÃ i,229,
xá»‹n,229,
nhiÃªn,229,
dÃ­nh,229,
chá»‹u,228,
Ä‘á»u,227,
yÃªn,225,
dá»¥ng,219,
kÃ¨m,215,
tá»«,215,
ship,213,
khá»i,211,
Ä‘áº­m,211,
vÃ o,210,
dÆ°á»¡ng,210,
mÆ°á»£t,208,
do,208,
mal,207,mall
chá»©,207,
base,203,
vá»«a,203,
tuy,202,
Ä‘áº¥t,201,
uá»‘ng,200,
bÃ n,200,
xÃ i,199,
sÃ¡ng,199,
12,198,
hÃ´m,197,
má»—i,197,
tá»¥c,196,
giá»,194,
dÃ¹,191,
máº¥y,190,
sá»­,187,
vá»¥,186,
tháº¿,185,
tÆ°Æ¡i,184,
xong,180,
thÆ°Æ¡ng,180,
ï¸,178,
giÃ¡c,176,
r,174,rá»“i
nháº¥t,174,
cháº­m,174,
phá»¥c,171,
tÆ°á»Ÿng,170,
má»Ÿ,169,
nháº¡t,169,
check,169,
lá»ng,168,
Ã¡,165,
mÃ£i,163,
sang,162,
chá»‘ng,161,
Ä‘Ã¢u,161,
nháº¯n,160,
chÃª,159,
tráº£,159,
ká»¹,159,
cÃ¹ng,157,
kiá»ƒu,157,
mk,156,mÃ¬nh 
tÃ¬nh,155,
bá»c,154,
lun,154,
trang,154,
test,153,
ğŸ‘,153,
4,152,
táº©y,151,
bÃ´i,150,
fake,149,
sáº¯c,149,
mong,147,
xÃ­u,147,
kem,146,
shope,146,shopee
shiper,145,
tráº¯ng,143,
Ä‘iá»ƒm,143,
ğŸ¥°,142,
Ä‘á»£i,142,
máº¥t,140,
cá»©,140,
auth,140,
thÃ nh,139,
qua,138,
tá»›i,138,
mn,138,má»i ngÆ°á»i
náº¿u,138,
máº«u,136,
tÃºi,136,
phÃ¹,135,
cáº§n,135,
Ä‘Ã³,134,
nhiá»‡t,134,
nghÄ©,134,
tÃ­,134,
10,134,
chá»n,133,
táº¡m,133,
muá»‘n,133,
ai,133,
giáº£,132,
Ä‘áº·c,132,
khÃ¡ch,131,
Ä‘á»§,131,
láº¥y,130,
Æ¡i,130,
lá»³,129,
Ä‘á»£t,129,
thÆ°á»ng,128,
nhá»¯ng,128,
vs,127,vá»›i
nÆ°á»›c,126,
ğŸ˜˜,124,
xem,124,
14,124,
nÃ¨,123,
áº¥y,122,
Ã­t,122,
tÃ¡n,122,
lá»i,122,
Ä‘Æ¡n,121,
m,117,mÃ¬nh
nÃ¢u,117,
dÃ²ng,116,
giá»¯,116,
man,116,
dc,115,Ä‘Æ°á»£c
bÃ¡n,115,
dÃ£,115,
vÃ´,115,
thiá»‡p,115,
thá»ƒ,114,
cÃ ng,114,
chá»¥p,113,
loáº¡i,112,
bÃ¬nh,112,
oke,111,
rÄƒng,110,
sá»‘,110,
buá»“n,110,
cáº§m,109,
e,109,em
tÃ´,109,
chuyá»ƒn,108,
tá»‡,107,
tá»‘i,107,
thÃ¢n,106,
lá»‹ch,106,
tá»±,106,
nay,105,
báº£o,104,
thá»±c,104,
tá»™i,104,
merzy,103,
máº¯t,103,
gá»­i,102,
rÃµ,102,
tÃ´n,101,
bÃ³ng,99,
chÃ¡n,98,
mÃª,97,
nhá»,97,
gÆ°Æ¡ng,95,
ká»³,94,
bá»n,94,
hihi,93,
mau,93,
tint,92,
thoa,91,
kÃ©m,91,
toÃ n,90,
Ä‘iá»u,90,
táº¡i,90,
káº¹o,90,
ná»“ng,89,
ngay,89,
Ã­,88,
chÃ¡y,88,
giáº£m,87,
váº¥n,87,
ğŸ˜‚,87,
cÅ©,87,
náº¯p,86,
báº±ng,85,
bÃ¬,85,
ghÃª,85,
xuáº¥t,85,
tráº§m,85,
náº·ng,85,
Ä‘ang,85,
báº£n,85,
15,84,
cute,83,
v6,83,
tÃ´ng,83,
Ä‘á»‰nh,82,
tone,82,
huhu,82,
trá»i,82,
Ä‘áº§y,82,
ngá»t,82,
máº·c,81,
xanh,81,
nhÃ ng,81,
24,81,
pháº§n,80,
sai,80,
theo,80,
tiÃªn,80,
táº£,80,
to,79,
váº¡ch,79,
váº­n,79,
Ä‘á»•i,79,
Ä‘á»‹nh,79,
siu,78,siÃªu
lem,77,
thiáº¿u,77,
Ä‘á»“,77,
há»c,77,
xáº¯n,77,
y,76,
hiá»ƒu,76,
chá»,76,
biá»‡t,76,
nhau,76,
há»i,75,
Ã¡nh,75,
thiÃªn,75,
sÄƒn,75,
cÃ¡o,75,
cÃ¡ch,75,
Ä‘á»±ng,74,
nhÃ¢n,73,
cÆ¡,73,
quáº£ng,73,
thiáº¿t,72,
sÆ¡n,72,
rep,72,
há»,72,
chÃ³ng,72,
sá»£,72,
gÃ£y,72,
hai,71,
ğŸ˜Š,71,
má»ng,71,
tÆ°,71,
vÃ¢n,71,
n,71,
hÃ nh,71,
váº»,70,
sen,69,
bÃ³c,69,
sÃ i,68,
tá»«ng,68,
giáº¥y,68,
bá»™t,68,
maÌ€u,68,
hoÃ n,67,
gÃ¢y,67,
iu,67,yÃªu
káº¿,67,
20,67,
máº·t,67,
Ä‘á»‘i,67,
Ä‘en,65,
háº¡n,65,
san,65,sang
trc,65,trÆ°á»›c
ver,65,
t,64,
cháº£,64,
ngÄƒm,64,
thanks,63,
review,63,
v,63,váº­y
cÆ°ng,63,
tiáº¿c,63,
trung,63,
gáº§n,62,
viá»‡c,62,
02,62,
kinh,62,
ghi,61,
kh,61,khÃ´ng
nhÃ ,61,
canh,60,
nÄƒm,60,
háº³n,60,
lau,59,
23,59,
Ä‘eÌ£p,59,
cao,59,
cÃ¡nh,59,
gá»i,59,
háº¯c,58,
tiáº¿ng,58,
quay,58,
sá»‘c,57,
dÃ¡n,57,
date,56,
mÃ´,56,
bá»,56,
bÃ©,56,
lá»™,56,
thÃ¡i,56,
haÌ€ng,55,
thÃ¢m,55,
tÆ°Æ¡ng,55,
tÃ­nh,55,
mÃ©o,55,
13,55,
anh,55,
cuá»‘i,55,
xáº¥u,54,
trÃ´ng,54,
viÃªn,53,
báº¿t,53,
tÃ­m,53,
chá»—,53,
hic,53,
j,53,gÃ¬
nháº§m,53,
mÃ¡c,52,
8,52,
hang,51,
Ä‘á»“ng,51,
thiá»‡n,51,
version,51,
xa,51,
táº­n,51,
6,51,
khuyáº¿n,51,
may,50,
Ã ,50,
a,50,
dá»‹ch,50,
trá»«,50,
ná»n,49,
kÃ©n,49,
chÃºc,49,
lo,49,
vÃ i,49,
áº©m,48,
sinh,48,
tuáº§n,48,
nguyÃªn,48,
ï¸ï¸ï¸,48,
chá»‹,48,
swatch,48,
tÃ´i,48,
ná»•i,47,
vÃ³n,47,
cháº³ng,47,
lÃ½,47,
mÃ¹a,47,
ngá»,47,
xÃ²,46,
phÃ­,46,
bay,46,
ğŸ¤£,46,
sáº¡ch,46,
â™¥,45,
khá»§ng,45,
cá»,45,
xá»‰u,45,
dÃ¢u,44,
giÃ ,44,
mÃ³p,44,
táº¿,44,
táº§m,44,
ğŸ˜,44,
nude,44,
tÆ°á»£ng,44,
cá»¥c,44,
an,43,
nhiÃªu,43,
bÃ¡o,43,
chÃ¬,43,
04,43,
Ä‘á»«ng,43,
nhe,42,
liá»n,42,
sÃ²,42,
tÃ­n,42,
pha,42,
nhÃ¬u,41,nhiá»u
nháº¯c,41,
báº£ng,41,
chim,41,
Ä‘áº¥y,41,
packaging,41,
vui,41,
dep,40,Ä‘áº¹p
liÃªn,40,
háº¹n,40,
cÃ¢n,40,
chiá»u,40,
cÃ¡m,40,
uy,39,
ğŸ‘Œ,39,
ğŸ»,39,
gáº¡ch,39,
hoáº·c,39,
sá»‹n,39,
ï¸ï¸,39,
lá»—i,38,
dá»‹p,38,
há»“i,38,
dÆ°á»›i,38,
láº¡,38,
lÆ°á»i,38,
nghe,38,
xÃ©t,37,
hi,37,
kiá»ƒm,37,
dÃ¡m,37,
cháº¿t,36,
quyáº¿t,36,
ğŸ˜­,36,
chá»¯,36,
Ä‘Ã o,36,
trÃ³c,36,
phong,36,
cá»‘c,35,
thÃ´ng,35,
black,35,
vote,35,
rÃ¢Ìt,35,
quáº£,35,
9,35,
báº¥t,35,
giáº£i,35,
cÃ´ng,35,
hiá»‡u,34,
cÃ¡,34,
Ä‘á»,34,
trÃ¡i,34,
rouge,34,
ng,34,ngÆ°á»i
h,34,giá»
tiki,34,
Ä‘Ã¡o,33,
phÃ¡t,33,
tui,33,
bong,33,
ful,33,
cháº£nh,33,
ná»™i,33,
khuyÃªn,33,
xÆ°á»›c,33,
tra,33,
goi,33,
â˜º,33,
nghiÃªng,32,
rat,32,ráº¥t
oki,32,
hÃ ,32,
pham,32,pháº©m
7,32,
bá»£t,32,
cx,32,cÅ©ng 
tks,32,thanks
tÃ¢y,32,
chu,32,
Ä‘áº¯t,32,
khen,32,
miá»…n,32,
tÃ¬m,31,
17,31,
trá»ng,31,
thÃ¡ng,31,
báº¯t,31,
giÃ¡o,31,
bÃ¹,31,
pháº¥n,31,
cháº¥p,31,
sky07,31,
ğŸ™‚,31,
03,31,
giá»›i,30,
minh,30,
cÃ£i,30,
Ä‘á»¡,30,
loÃ£ng,30,
rÃ¹i,30,
nhÃ£n,30,
Ãªm,30,
chÃº,30,
quan,29,
hÆ°Æ¡ng,29,
niÃªm,29,
hÃ´,29,
phÃ¢n,29,
kia,29,
phai,29,
quen,29,
ğŸ˜¢,28,
gá»n,28,
lÆ°á»¡ng,28,
quáº¹t,28,
xin,28,
a12,28,
vÃ ng,28,
lÃ­,28,
táº¥t,28,
táº¿t,28,
cáº­n,28,
dáº§u,28,
goÌi,28,
tá»‘,28,
thay,28,
riÃªng,28,
Ä‘áº£m,28,
flash,28,
hehe,28,
dong,27,
card,27,
hÃ n,27,
nt,27,nháº¯n tin 
chiáº¿c,27,
chuyÃªn,27,
quá»‘c,27,
mÃ³n,27,
lá»«a,27,
sá»©c,27,
chÃ¢Ìt,27,
phÃ¢Ì‰m,27,
dá»±,27,
ngá»­i,26,
miÌ€nh,26,
báº·m,26,
hot,26,
mang,26,
tráº§y,26,
ğŸ™†,26,
láº»o,26,
rÃ ng,25,
khoáº£ng,25,
mng,25,má»i ngÆ°á»i
má»¹,25,
chat,25,
thiá»‡t,25,
chÆ¡i,25,
bá»±c,25,
pháº£n,25,
hiá»‡n,25,
táº¯n,25,
Ä‘á»c,25,
t2,25,thá»© 2
nhÃ¡,24,
tráº»,24,
store,24,
vaÌ€,24,
up,24,
kiáº¿n,24,
in,24,
hÃ g,24,hÃ ng
ğŸ’‹,24,
dáº¡ng,24,
01,24,
code,24,
chÄƒng,24,
nhÆ°g,24,nhÆ°ng
tÃ¡c,24,
chi,24,
laÌ€,24,
á»©ng,24,
máº¡i,24,
khÃ¢u,24,
nÆ¡i,23,
sÆ¡,23,
thui,23,
loang,23,
â™€,23,
thiá»‡u,23,
ms,23,
ntn,23,nhÆ° tháº¿ nÃ o
makeup,23,
ngáº£,23,
cáº§u,23,
nhung,23,
Ä‘Äƒng,23,
thank,23,thanks
xáº»o,23,
ba,23,
b,23,
luong,23,lÆ°á»£ng
i,23,
chÃ³i,23,
nghiá»‡m,23,
ly,23,
Ä‘Ã´ng,22,
con,22,
ak,22,Ã¡
cá»­a,22,
a5,22,
ncl,22,nÃ³i chung lÃ  
ká»‹p,22,
ta,22,
há»‹n,22,xá»‹n 
best,22,
make,22,
deal,22,
bÃ¢y,22,
káº¿t,22,
sá»¯a,22,
cá»©ng,22,
hÃ³a,22,
nhá»,22,
hcm,22,Há»“ ChÃ­ Minh
lá»›n,22,
gÃ³p,22,
ban,22,
chá»§,22,
bá»¯a,22,
vá»©t,21,
mix,21,káº¿t há»£p 
rÃºt,21,
nháº­t,21,
giÃºp,21,
trÃ¡ch,21,
bÃ ,21,
há»i,21,
saÌ‰n,21,
voi,21,
xÃ¡c,21,
19,21,
xá»‰n,21,
set,21,
káº»,21,
mÃ¡i,21,
tÃ½,21,
sáºµn,21,
mÃ¡,21,
Ä‘oÌng,21,
chÃ ,21,
Ä‘ep,21,
21,21,
hÃºt,20,
hÃ­,20,
láº½,20,
trá»£,20,
chuyá»‡n,20,
há»—,20,
lÆ°u,20,
dá»‹u,20,
xá»‘p,20,
nc,20,nÃ³i chung
cháº£y,20,
ib,20,nháº¯n tin 
thanh,20,
hy,20,
Ã´i,20,
va,20,
ğŸ˜†,20,
nghiá»‡p,20,
ğŸ¤—,19,
thoáº£i,19,
phá»¥,19,
thuáº§n,19,
Ä‘iá»‡n,19,
ngon,19,
rÃ¡ch,19,
máº¡ng,19,
bá»™,19,
gia,19,
khui,19,
nchung,19,nÃ³i chung 
hÃ´i,19,
há»™i,19,
trÆ°a,19,
16,19,
li,19,
god,19,
coi,19,
dá»‹,19,
ğŸ˜…,19,
má»©c,19,
phiÃªn,19,
vá»‹,19,
lá»±a,19,
sd,19,sá»­ dá»¥ng
á»‘ng,19,
nhg,18,nhÆ°ng
chÄƒÌc,18,
Ä‘Æ°a,18,
05,18,
velvet,18,
quÃ©t,18,
áº¡a,18,
trá»…,18,
cháº·t,18,
láº«n,18,
thik,18,thÃ­ch
Ä‘k,18,Ä‘Æ°á»£c
a3,18,
hoa,18,
sáº¯p,18,
chÃ¹i,18,
haiz,18,
okie,18,
láº¡nh,18,
bÃ o,18,
tÃ³m,18,
máº¯c,18,
giá»¯a,18,
mik,18,mÃ¬nh
bá»¥ng,17,
dung,17,dá»¥ng
tuyet,17,tuyá»‡t
rá»­a,17,
trÃ ,17,
trÆ¡n,17,
like,17,
ğŸ˜Œ,17,
cá»™ng,17,
hoÃ¡,17,
váº¿t,17,
ung,17,
sá»›m,17,
ná»­a,17,
buÃ´n,17,
Ä‘Ã¡y,17,
háº­n,17,
bh,17,bao giá»
luon,17,luÃ´n
lm,17,lÃ m 
má»«ng,17,
máº§u,17,mÃ u
keo,17,
hoÃ ng,17,
lÃ©m,17,
tote,17,
blue,17,
rÃ¡t,17,
gáº·p,17,
150k,17,
mÃ¡y,17,
tiáº¿t,17,
ğŸ˜„,17,
restock,17,
che,17,
áº¥n,16,
mÃ y,16,
sÆ°Æ¡ng,16,
kháº©u,16,
rÆ¡i,16,
lung,16,
blackrouge,16,
lÃ³t,16,
06,16,
ğŸ˜‘,16,
viá»‡t,16,
lÄƒÌm,16,
trÃ¡nh,16,
tá»•ng,16,
Ä‘em,16,
xá»©ng,16,
miá»‡ng,16,
khuyáº¿t,16,
há»‘i,16,
men,16,
mai,16,
lá»‡ch,16,
la,16,
má»¡,16,
moi,16,mÃ´i
vÃ£i,16,
lá»¡,16,
há»§y,16,
love,16,
nhá»›,16,
máº¡nh,16,
hn,16,
Ä‘áº£o,16,
gáº¯t,16,
Ä‘a,15,
ğŸ’•,15,
thuá»™c,15,
rÃ­t,15,
ğŸ˜”,15,
táº¹o,15,
note,15,
há»‡,15,
3ce,15,
10k,15,
cá»‘,15,
lá»™n,15,
min,15,
há»,15,
202,15,
khiáº¿n,15,
Ä‘Æ°Æ¡Ì£c,15,
váº£i,15,
buá»•i,15,
bt,15,bÃ¬nh thÆ°á»ng
oi,15,Æ¡i
cuÌƒng,15,
dÃ¢y,15,
coÌ,15,
Ã¡p,15,
tÃªn,15,
cÃ¢Ì‰n,15,
30,14,
náº¥y,14,
dÃ y,14,
chery,14,
xu,14,
lÆ°Æ¡Ì£ng,14,
chá»¥c,14,
sáº¿n,14,
ğŸ˜¡,14,
khaÌ,14,
ğŸ˜€,14,
phÃºt,14,
se,14,
táº¥m,14,
lá»,14,
cÃ¢u,14,
cá»¡,14,
ğŸ˜š,14,
cáº£i,14,
thich,14,thÃ­ch
suy,14,
báº¡c,14,
rÆ°á»£u,14,
linh,14,
tiá»‡c,14,
kb,14,khÃ´ng biáº¿t
toÃ¡n,14,
lá»•,14,
Æ°u,14,
ğŸ¤©,14,
hÃ´ng,14,
18,14,
sÃ³c,14,
thá»©c,14,
chÄƒÌn,14,
báº­t,14,
chua,14,
xÃ¡ch,14,
thi,13,
váº·n,13,
c,13,
seal,13,
nhiá»‡m,13,
ğŸ’™,13,
báº¥m,13,
tháº©m,13,
ğŸ˜¥,13,
má»™c,13,
khÄƒn,13,
order,13,
hong,13,khÃ´ng
Ä‘Ã ng,13,
bÃ¡t,13,
trÃ n,13,
quÃªn,13,
bá»±,13,
max,13,
xuyÃªn,13,
xuá»‘ng,13,
Ä‘á»‘ng,13,
chá»“ng,13,
s,13,sao
bos,13,
dá»«,13,
hoang,13,
thÃ¨m,13,
gáº¥p,13,
sh,13,
bá»Ÿi,13,
ğŸ¤ª,13,
tuá»³,13,
gÃ¡i,13,
ngáº¡i,13,
luáº­n,13,
mÃ¡t,13,
chac,13,
miáº¿ng,13,
thÃ¢Ì£n,13,
nhá»‰,12,
the,12,
mail,12,
real,12,
trá»™n,12,
tÃ¡ch,12,
pas,12,
thu,12,
nghi,12,
Ä‘Æ°á»ng,12,
lÃ n,12,
dÃ nh,12,
gÃ ng,12,
can,12,
tÃ´Ìt,12,
chÃ¢n,12,
ká»ƒ,12,
cá»£n,12,
team,12,
lÆ°Æ¡ng,12,
miÃªu,12,
duy,12,
dáº·m,12,
chan,12,
quyá»ƒn,12,
sting,12,
nh,12,
hÆ°á»›ng,12,
0,12,
bÃ¨,12,
ğŸ˜‰,12,
tot,12,tá»‘t
chai,12,
hoi,12,thÃ´i
kÃªu,12,
neon,12,
lg,12,
váº©n,12,
quÃª,12,
Ä‘á»‹a,12,
thiÌch,12,
you,12,
dÆ°Æ¡Ìƒng,12,
lip,12,
viá»n,12,
khiáº¿p,12,
box,12,
thiÌ€,12,
maybeline,12,
br,12,
biÌ£,12,
ns,12,nÃ³i
bÃ¡,12,
ğŸ’¯,11,
ğŸ’—,11,
huá»·,11,
gá»‘c,11,
Ä‘á»™ng,11,
nma,11,nhÆ°ng mÃ 
váº§y,11,
thÃ¢Ìy,11,
v9,11,
Ä‘oÌ‰,11,
pháº¿t,11,
bÄƒng,11,
tháº¯c,11,
chá»«ng,11,
dá»«a,11,
ah,11,
thoi,11,thÃ´i
ngÃ¢m,11,
naÌ€y,11,
nhu,11,
bÆ°u,11,
than,11,
bÃ¡c,11,
ha,11,
viáº¿t,11,
dáº¥u,11,
lam,11,
áº»m,11,
hÆ°á»ng,11,
kho,11,
trend,11,
5sao,11,5 sao
chá»‰nh,11,
sÃ¡nh,11,
okela,11,
tá»‘c,11,
Æ°,11,
bÃºt,11,
máº¹,11,
ui,11,
ğŸ’“,11,
giÃ³,10,
lÃ¡nh,10,
m6,10,
má»,10,
chÃ­,10,
nam,10,
ğŸ‘,10,
háº¡t,10,
me,10,
Ä‘á»i,10,
trÃ¬nh,10,
Ä‘á»©a,10,
láº¹,10,
hiden,10,
tá»­,10,
Ä‘aÌnh,10,
lá»—,10,
ngÃ n,10,
rÃ¢t,10,
perfect,10,
uá»•ng,10,
chanh,10,
tá»›,10,
vl,10,
dÃ¹m,10,
tiá»‡n,10,
hÃ´Ì€ng,10,
mg,10,
tiep,10,
1c,10,
phá»§,10,
háº±ng,10,
náº¡,10,
trá»Ÿ,10,
139k,10,
liÌ€,10,
seÌƒ,10,
mh,10,
há»“,10,
vÆ¡Ìi,10,
nhma,10,nhÆ°ng mÃ 
dai,10,
â€ï¸,10,
07,10,
sá»­a,10,
hÃ´Ì£,10,
phá»‘i,10,
z,10,
miÌ£n,10,
ğŸ˜‹,10,
cáº­u,10,
báº©n,10,
xá»­,10,
bung,10,
cÆ°Ì£c,10,
km,10,
ğŸ˜,10,
ham,10,
tháº§n,10,
ğŸ’œ,10,
tháº»,10,
quá»‡t,10,
kiá»‡m,10,
xiu,10,
ná»¡,10,
Ä‘Ã´i,10,
len,10,
maÌ€,10,
recomend,10,
chÄƒm,10,
muá»™n,10,
cung,10,
ghÃ©t,10,
dÃªÌƒ,10,
laÌ£i,10,
hÆ¡Ì£p,10,
ho,10,
20k,10,
post,9,
nhah,9,nhanh
som,9,
t3,9,
nÃ¡t,9,
thÃ­c,9,thÃ­ch
nghá»‰,9,
tháº­m,9,
sá»‡t,9,
sáº»,9,sáº½
eo,9,
tag,9,
v18,9,
co,9,
freship,9,freeship
Ä‘Ã²i,9,
xÃ­,9,
cuá»‘n,9,
cn,9,
khong,9,khÃ´ng
dk,9,Ä‘Æ°á»£c
ngu,9,
ï¸ï¸ï¸ï¸,9,
hnay,9,hÃ´m nay
ğŸ˜’,9,
roi,9,rá»“i
há»ng,9,
tp,9,
cay,9,
vietel,9,
dÃª,9,
láº¥p,9,
mÄ©,9,
ğŸ’„,9,
mÃ¬n,9,
nÆ°Ìƒa,9,
it,9,
cháº¡y,9,
socola,9,
chÆ°Æ¡ng,9,
láº¯ng,9,
chang,9,
romand,9,
ğŸ˜ƒ,9,
lÃ¢Ì€n,9,
nho,9,
mini,9,
trendy,9,
Ä‘eo,9,
de,9,
quáº¥t,9,
gáº¯n,9,
hÆ°,9,
uÌ‰ng,9,
50,9,
ğŸ˜,9,
lá»£n,9,
nhÅ©,9,
p,9,
ğŸ¤¦,9,
nua,9,ná»¯a
cÅ©g,9,cÅ©ng
áº©u,9,
láº¡c,9,
nhá»±a,9,
Ä‘á»“n,9,
oficial,9,official
xÄ©u,9,
tgian,9,thá»i gian
â™¡,8,
ğŸ˜—,8,
ğŸ˜¤,8,
tháº¥m,8,
náº¯ng,8,
su,8,
nghá»‹,8,
â‚«,8,
ruá»™t,8,
khoáº£n,8,
sÃ¡p,8,
chÃ¢m,8,
xÆ°a,8,
ink,8,
dÃ¨,8,
Ä‘au,8,
nhá»£t,8,
mÆ¡Ìi,8,
duyá»‡t,8,
ngÃ o,8,
lum,8,
tÃ¹m,8,
dÃ¢n,8,
chá»i,8,
báº¯c,8,
ğŸ’š,8,
tn,8,
nháº­p,8,
báº­n,8,
very,8,
chuÃ¢Ì‰n,8,
Ä‘Ã³g,8,Ä‘Ã³ng
há»p,8,há»™p
hÃ´Ì£p,8,
tráº¡ng,8,
triá»ƒn,8,
v1,8,
gáº¡o,8,
rÃ²i,8,rá»“i
áº¹p,8,
dá»Ÿ,8,
ğŸ™ƒ,8,
â£,8,
ğŸ¤¤,8,
thÆ°,8,
flashsale,8,
â˜¹,8,
tl,8,
rinh,8,
Ã´ng,8,
bÆ¡,8,
package,8,
má»n,8,
vÆ¡Ì€i,8,
tÃªnh,8,
lan,8,
804,8,
v17,8,
tphcm,8,
vá»™i,8,
cuÌ‰a,8,
vÃ²ng,8,
tim,8,
vá»¡,8,
gÃ³c,8,
ná»‘t,8,
muÌ€i,8,
trá»±c,8,
hiu,8,
seler,8,
vá»›,8,
kiá»‡n,8,
láº­n,8,
chÃ¢t,8,
haha,8,
bn,8,bao nhiÃªu
noÌi,8,
Ä‘Ã¹ng,8,
thoáº¡i,8,
tÄƒng,8,
okay,8,
a25,8,
swet,8,
time,8,
kháº¯c,8,
trÆ°á»ng,8,
aply,8,apply
há»¥t,8,
Ã´Ì‰n,8,
thá»‹t,7,
ma,7,
ğŸ¤§,7,
thoáº£ng,7,
fb,7,
háº«ng,7,
rate,7,
Ä‘ÃªÌ‰,7,
out,7,
tá»‰,7,
tá»,7,
video,7,
bá»,7,
bÃ³,7,
sá»Ÿ,7,
dÆ¡,7,
nham,7,
voÌ£ng,7,
rui,7,
ğŸ˜,7,
báº§m,7,
tráº£i,7,
bá»›t,7,
cÃ´,7,
rÆ°á»¡i,7,
váº¹n,7,
cá»•,7,
tiÃªÌ€n,7,
tuyÃªÌ£t,7,
2020,7,
trai,7,
tiáº¿n,7,
ver3,7,
Ä‘Ã­nh,7,
hiÌ€nh,7,
xÃ©,7,
vc,7,váº­n chuyá»ƒn
kg,7,
tuá»•i,7,
cÆ¡m,7,
dÃ¡ng,7,
trá»,7,
xink,7,xinh
há»‘t,7,
Ä‘á»¥ng,7,
cháº¿,7,
Ã´,7,
cáº­y,7,
v16,7,
Ä‘Ã nh,7,
má»ng,7,
lÃµi,7,
tÃ­ch,7,
tiá»‡p,7,
30k,7,
tháº£,7,
mjk,7,mÃ¬nh
tha,7,
Ã¡a,7,Ã¡
nhiu,7,
ni,7,
giá»,7,
70,7,
háº§u,7,
ny,7,
dáº§n,7,
10Ä‘,7,
â­,7,
bá»ƒ,7,
ï¸ï¸ï¸ï¸ï¸ï¸,7,
giáº£n,7,
ğŸ¤”,7,
bÃ i,7,
marvel,7,
130,7,
nguá»“n,7,
niá»m,7,
lÃ¡,7,
dáº«n,7,
hÃ³ng,7,
ngá»“i,7,
ná»¯,7,
láº»,7,
tÃ¹y,7,
sáº«m,7,
phÃ­a,7,
aÌ£,7,
tiÃªu,7,
miáº¿t,7,
Ã³,7,
cl,7,
nhá»Ÿ,7,
nÃ©t,7,
ná»©t,7,
lÃµm,7,
135k,7,
thÆ¡Ì€i,7,
online,7,
treo,7,
Æ°a,7,
ğŸ™„,7,
trá»‹,7,
Æ°i,7,
yáº¿u,6,
kha,6,
oÃ¡nh,6,
hÃªn,6,
máº¯n,6,
ï¸ï¸ï¸ï¸ï¸ï¸ï¸,6,
quanh,6,
nhen,6,
onl,6,
x,6,
final,6,
náº¡i,6,
ksao,6,khÃ´ng sao
tá»‘n,6,
nÃ¢ng,6,
cháº¥m,6,
chá»©ng,6,
qc,6,quáº£ng cÃ¡o
ngta,6,
mÃ i,6,
Æ°á»›t,6,
mÆ°a,6,
má»‹,6,
rÃ´Ì€i,6,
chiÌ‰,6,
125k,6,
lai,6,
face,6,
vong,6,
hsd,6,
hÃ´n,6,
khiáº¿u,6,
bÃ¡nh,6,
of,6,
dth,6,dá»… thÆ°Æ¡ng
náº»,6,
mÃ ng,6,
Ä‘áº¡t,6,
khaÌc,6,
mui,6,
trÆ°ng,6,
tráº§u,6,
long,6,
dáº·n,6,
qÃ¡,6,
tinh,6,
xáº£y,6,
l,6,
liá»‡u,6,
kÃ­,6,
nhem,6,
áº¡ï¸,6,
bi,6,
dá»¯,6,
cuá»™c,6,
mÃ³,6,
á»p,6,
quÃ½,6,
táº­p,6,
náº¥c,6,
ğŸ˜ª,6,
mÅ©i,6,
cháº¡m,6,
nch,6,
ghn,6,
yÌ,6,
aut,6,
Ä‘epj,6,
205,6,
sold,6,
danh,6,
phÃ²ng,6,
dÆ°,6,
choÃ©,6,
táº¡o,6,
sg,6,
Ä‘á»•,6,
Ã¡i,6,
giaÌ,6,
pháº©n,6,
há»a,6,
ngáº¥t,6,
d,6,
rv,6,
Ä‘áº¡i,6,
phá»©c,6,
mÃ²n,6,
limited,6,
má»‡t,6,
máº­n,6,
kute,6,
hÃ£y,6,
tham,6,
hix,6,
nhÃ¢Ì£n,6,
giÃ¢y,6,
ngang,6,
u,6,
Ä‘á»©ng,6,
lá»…,6,
fan,6,
ká»‰,6,
má»i,6,
hoÃ i,6,
bá»,6,
rá»›t,6,
nen,6,
dÃ¹g,6,
Ä‘áº¯ng,6,
sieu,6,siÃªu
t7,6,
toáº¹t,6,
tháº¥p,6,
que,6,
noel,6,
hqua,6,hÃ´m qua
sáº­m,6,
Ä‘Ã¨,6,
brick,6,
thiáº¿p,6,
sÆ°á»›ng,6,
thuong,6,thÆ°Æ¡ng
há»¯u,6,
chÃ³,6,
Ä‘á»™c,6,
hop,6,
hÃ¨,6,
ver4,6,
a06,6,
mac,6,
quaÌ,6,
a2,6,
á»§g,5,
2019,5,
ghtk,5,
thá»‹,5,
há»­ng,5,
há»‡t,5,
ap,5,
nheÌ£,5,
áº¥m,5,
thom,5,
xá»©,5,
kháº£o,5,
khÃºc,5,
duÌ€ng,5,
ce,5,
lÃ²i,5,
v3,5,
tien,5,
nÄƒng,5,
chiÌ£u,5,
nháº¯m,5,
cháº§n,5,
vu,5,
kÃ­n,5,
Ä‘áº§m,5,
ğŸ¿,5,
nháº¡n,5,
suá»‘t,5,
mask,5,
ğŸŒ»,5,
thÃº,5,
packing,5,
thÃ¹,5,
qr,5,
Ä‘ongs,5,Ä‘Ã³ng
hÃ³i,5,
dáº»,5,
0Ä‘,5,
tá»©c,5,
Ã¢Ì‰m,5,
ğŸ¤·,5,
mÃºt,5,
nhin,5,nhÃ¬n
ğŸ¥³,5,
máº©n,5,
bth,5,bÃ¬nh thÆ°á»ng
tuyáº¿n,5,
ráº±ng,5,
dáº¹p,5,
nao,5,
bá»«ng,5,
bá»•,5,
stain,5,
gáº¥c,5,
t6,5,
chÃ¨n,5,
vÃªÌ€,5,
soi,5,
cuá»“ng,5,
im,5,
nháº¡y,5,
Ä‘Æ°Ì£ng,5,
lÆ°á»£t,5,
hu,5,
ğŸ–¤,5,
voucher,5,
chá»‘i,5,
láº§m,5,
ï¸ï¸ï¸ï¸ï¸,5,
hÃ¬,5,
áº¡k,5,áº¡
web,5,
thoang,5,
biáº¿n,5,
rÃ´i,5,
trÃ­,5,
cá»™m,5,
kÃ©o,5,
baÌm,5,
phaÌ‰i,5,
bá»‡t,5,
thick,5,thÃ­ch
cáº¥p,5,
há»“n,5,
ver5,5,
pháº£m,5,
bá»™i,5,
trÃºng,5,
tÄƒÌ£ng,5,
xÃ³,5,
melow,5,
háº¡i,5,
choÌng,5,
Ä‘o,5,
ğŸ˜“,5,
ná»,5,
a26,5,
vá»‡t,5,
09,5,
mÃªÌ€m,5,
khuÃ´n,5,
Ä‘áº¹,5,
tiÌ€nh,5,
xoÃ¡,5,
ngÃ¢y,5,
dáº¡i,5,
chÃ¡t,5,
chá»•,5,
thÃ¢Ìt,5,
nhiÃªÌ€u,5,
kiáº¿m,5,
sáº£,5,
a05,5,
troi,5,trá»i
khá»•,5,
ğŸ˜™,5,
134,5,
made,5,
kháº£,5,
ahihi,5,
dáº­y,5,
biet,5,biáº¿t
má»‰,5,
shock,5,
cskh,5,
nhÃ¡m,5,
thuáº­n,5,
lÃ´,5,
08,5,
cáº£n,5,
nhiÃªÌ£t,5,
vÃ­,5,
lá»‘,5,
caÌ‰m,5,
dáº¡o,5,
giÃ¡ng,5,
40,5,
bai,5,
mÃ¹ng,5,
text,5,
ngoáº¡i,5,
nhÃ©e,5,nhÃ©
tÃ©t,5,
Ä‘Ã£i,5,
red,5,
vá»±c,5,
táº¡p,5,
90,5,
nghiá»‡n,5,
auto,5,
tá»‰nh,5,
táº­u,5,
tranh,5,
that,5,
cÄƒng,5,
hÅ©,5,
hoian,5,
Ä‘áº­p,5,
tháº©n,5,
ghÃ©,5,
o,5,
mascara,4,
5g,4,
day,4,
chÆ°á»Ÿng,4,
ğŸ¥º,4,
ká»‡,4,
chÃ³t,4,
4h,4,
Ä‘áº±ng,4,
Ã¡o,4,
táº·g,4,táº·ng
nÃ n,4,
uÃ´Ìng,4,
fedback,4,feedback
trÃ¡ng,4,
váº½,4,
laÌ€m,4,
vá»‘n,4,
juicy,4,
khoÌ,4,
xinhï¸,4,
lÃ¢n,4,
dao,4,
bÆ¡i,4,
hjhj,4,hihi
ghiá»n,4,
páº£i,4,pháº£i
them,4,
ï¸ï¸ï¸ï¸ï¸ï¸ï¸ï¸,4,
Ä‘aÌƒ,4,
uwu,4,
bÃ¹n,4,
m2,4,
sá»‘p,4,
gá»¡,4,
lÃ´ng,4,
tao,4,
nhá»©c,4,
cáº¯t,4,
ch,4,
sáº£y,4,
chá»£,4,
tÃ­t,4,
quyáº¿n,4,
nhÃ¨,4,
cá»©u,4,
âœ¨,4,
giá»¥c,4,
di,4,
singum,4,
ğŸ¤¨,4,
cáº©u,4,
ráº¡ch,4,
dÃ ng,4,
nx,4,ná»¯a
thá»,4,
nghÄ©a,4,
vph,4,
nÃ³ng,4,
coco,4,
hag,4,hÃ ng
htrc,4,hÃ´m trÆ°á»›c
mjh,4,mÃ¬nh
must,4,
Ä‘Ãªm,4,
nÃ ng,4,
Ä‘Ã ,4,
sin,4,
náº±m,4,
chá»«,4,
suáº¥t,4,
ğŸ˜,4,
cug,4,cÅ©ng
Ä‘Ã¡p,4,
vay,4,váº­y
xÃ³c,4,
phÃºc,4,
skin,4,
Ä‘Ã i,4,
hok,4,hÃ´ng
áº¡h,4,áº¡
Ã¡c,4,
50k,4,
okla,4,
5p,4,
306,4,
loÌ€ng,4,
hÆ°á»Ÿng,4,
Ä‘áº¡m,4,
Ä‘Ãºg,4,Ä‘Ãºng
cáº­p,4,
bÃ´ng,4,
nÃ ,4,
hiáº¿m,4,
sales,4,
quáº£n,4,
have,4,
gáº«y,4,
okey,4,
Ä‘áº±m,4,
phiáº¿u,4,
805,4,
cháº¹p,4,
quy,4,
last,4,
náº£n,4,
phá»‘,4,
ğŸ˜»,4,
chÄƒc,4,cháº¯c
gh,4,
thuyáº¿t,4,
pháº§m,4,
Ä‘uÌng,4,
hk,4,hÃ´ng
khÃ­,4,
sáº¯m,4,
ğŸ˜©,4,
vá»£t,4,
nice,4,
tg,4,
tuÃ½p,4,
máº£ng,4,
má»¥n,4,
nghiÃªn,4,
báº­m,4,
dÃ´,4,
a4,4,
rÃ£nh,4,
ná»—i,4,
delay,4,
huhuhu,4,
á»§a,4,
mÆ°Æ¡Ìt,4,
táº¯m,4,
vÆ¡i,4,
chon,4,
láº¯c,4,
canvas,4,
Ä‘anh,4,
biáº¿ng,4,
high,4,
dá»m,4,
tháº«m,4,
ths,4,cáº£m Æ¡n
ğŸ˜‡,4,
bonus,4,
váº£y,4,
má»¥c,4,
trog,4,trong
quyá»n,4,
trá»¥c,4,
chÃ³e,4,
viÌ€,4,
chinh,4,
sn,4,
duÌ£ng,4,
cÅ©n,4,
nÃ¨e,4,nÃ¨
hÃ²a,4,
rÃ­ch,4,
nhed,4,nhÃ©
ngá»§,4,
tráº·c,4,
a6,4,
shopï¸,4,
ğŸ˜–,4,
hoáº¡t,4,
hÄƒng,4,
hs,4,
bá»Ÿ,4,
phÃ n,4,
Ä‘Ã©t,4,
rose,4,
tuyÃªth,4,tuyá»‡t
trÄƒm,4,
coÌ€n,4,
luÃ´nï¸,4,
zá»i,4,vá»i
na,4,
coa,4,cÃ³
Ä‘ÃªÌ€u,4,
mÆ°Æ¡Ì£t,4,
ğŸ“,4,
táº£i,4,
ngÆ°á»£c,4,
tÃ´t,4,tá»‘t
m3,4,
ğŸ’–,4,
noia,4,nÃ³i
ğŸ¥´,4,
ten,4,
khÃ´g,4,khÃ´ng
phytotre,4,
mÃ¡u,4,
ná»•,4,
Ä‘Ã¢Ì£m,4,
Ä‘ÄƒÌ£t,4,
th,4,
kÃ©,4,
icheck,4,
nhiÌ€n,4,
tuc,4,
thao,4,
xiÌ£n,4,
soáº¡n,4,
Ä‘t,4,Ä‘iá»‡n thoáº¡i
phÃ´,4,
120k,4,
háº£o,4,
combo,4,
Ä‘ong,4,Ä‘Ã³ng
2h,4,
blackrough,4,
sá»‰n,4,
sÃ¢u,4,
don,4,
vÃ¹ng,4,
nÃ¡,4,
ï¸ï¸ï¸ï¸ï¸ï¸ï¸ï¸ï¸ï¸,4,
nguy,3,
vang,3,
chil,3,chill
vaÌ€o,3,
kinda,3,
tuá»µet,3,tuyá»‡t
china,3,
roÃ i,3,
nhÃ³,3,
giáº­n,3,
179k,3,
sun,3,
klq,3,khÃ´ng liÃªn quan
cáº©m,3,
ğŸ˜›,3,
bÃ³p,3,
youtube,3,
tÃ¹ng,3,
xáº¯c,3,
tÃªÌ£,3,
hÃ£q,3,
shopemal,3,shopee mall
chÃ¢u,3,
sÆ°Ì£,3,
2c,3,
báº¡,3,
náº»o,3,
liáº¿m,3,
cáº·n,3,
satin,3,
há»‘,3,
xáº£,3,
lá»£t,3,
hihihihihi,3,
muá»™i,3,
ti,3,
iÃªu,3,yÃªu
duyÃªn,3,
ngÃ£,3,
sÆ°ng,3,
huyá»n,3,
bÃ­,3,
mÃ¨o,3,
15k,3,
sá»‘ng,3,
anw,3,
kek,3,
sáº£m,3,
Ä‘á»ng,3,
vietnam,3,
te,3,
ahop,3,shop
and,3,
gá»i,3,
áº¿,3,
ğŸŒº,3,
máº£nh,3,
dÃ iï¸,3,
vÆ°á»›ng,3,
chast,3,chÃ¢t
lá»Ÿ,3,
hon,3,
nka,3,nha
lá»‹m,3,
update,3,
re,3,
ğŸ‘‰,3,
thÃ¡nh,3,
verson,3,
nhÆ°á»£c,3,
xÃºc,3,
rÃ¡ng,3,
ğŸŒˆ,3,
khuya,3,
phuc,3,
is,3,
Ä‘oáº¡n,3,
nhaÌ£t,3,
but,3,
nÃªÌu,3,
ğŸ’,3,
tá»±a,3,
chá»•i,3,
giÌ€,3,
lá»Ÿm,3,
duÌ€,3,
giÃ´Ìng,3,
m4,3,
xoay,3,
phiá»n,3,
Ä‘x,3,Ä‘Æ°á»£c
ğŸ¼,3,
size,3,
tÆ°Æ¡Ì£ng,3,
mÆ¡,3,
lÃ¨,3,
xiÃªu,3,siÃªu
eglip,3,
ca,3,
rÆ°á»›c,3,
serious,3,
thÃ¢y,3,
choáº£nh,3,cháº£nh
tÃ´Ì£i,3,
thiÃªÌ£p,3,
sáº³n,3,
giáº­t,3,
bá»£n,3,
2017,3,
wÃ¡,3,
thÃ¢Ì£t,3,
lanh,3,
hahaha,3,
ğŸ’›,3,
thuchs,3,thÃ­ch
ğŸ¾,3,
wa,3,quÃ¡
á»«,3,
a1,3,
2023,3,
nguoi,3,
sÃ³t,3,
vani,3,
145k,3,
lazada,3,
camera,3,
nhÃ¡i,3,
lÆ¡,3,
thic,3,
lá»“i,3,
ngoai,3,
g,3,
tá»“i,3,
Ä‘Æ°Æ¡c,3,
nhÃ²a,3,
extra,3,
caÌ‰,3,
xÃ³t,3,
tháº³ng,3,
0d,3,
ğŸ˜œ,3,
diá»…n,3,
nv,3,
xá»©c,3,
vch,3,
chÄ©nh,3,
thÆ°Æ¡Ì€ng,3,
hiá»n,3,
baÌ£n,3,
oce,3,
vn,3,
my,3,
bÄƒn,3,
cá»§ng,3,cÅ©ng
gÃª,3,ghÃª
ğŸ˜¬,3,
ck,3,
sÃ¡ch,3,
18k,3,
sá»•,3,
gÃ­a,3,
nÃ©,3,
airpay,3,
reply,3,
usa,3,
rÃ nh,3,
Ä‘Ã¹a,3,
m7,3,
highly,3,
trÃ²n,3,
siro,3,
thÃºi,3,
lu,3,
ve,3,
9g,3,
trl,3,tráº£ lá»i
phÃ¨n,3,
mÃ¬h,3,mÃ¬nh
ngoÃ¡i,3,
Ä‘á»—,3,
luv,3,
biÌ€nh,3,
mezy,3,
kÃ­ch,3,
ná»¯aï¸,3,
301,3,
inbox,3,
a02,3,
háº¯t,3,
ğŸŒ¹,3,
149k,3,
sÃ ng,3,
Ã³ng,3,
khaÌch,3,
eglips,3,
spham,3,sáº£n pháº©m
ğŸ˜°,3,
ngá»©a,3,
tbc,3,táº¿ bÃ o cháº¿t
on,3,
xá»‘c,3,
t4,3,
lá»«,3,
cÃ¢Ì€m,3,
chili,3,
dÃ³ng,3,
á»,3,
thá»«a,3,
mih,3,mÃ¬nh
khÃ­t,3,
xung,3,
nÃ i,3,
nháº¥n,3,
v7,3,
sáº§n,3,
tan,3,
láº½o,3,
phÃª,3,
mate,3,
liá»u,3,
m06,3,
liá»‡t,3,
ong,3,
sÃ²n,3,
chÃ¢c,3,
tiÌ,3,
tÃ­p,3,
chug,3,chung
lÆ°á»£n,3,
gio,3,giá»
Ä‘áº»,3,
mot,3,
gu,3,
cham,3,cháº­m
mamonde,3,
yay,3,
vÃ¢Ìƒn,3,
hoÃ ,3,
hiá»ƒm,3,
mlem,3,
gáº¡t,3,
bá»“,3,
chats,3,cháº¥t
801,3,
cong,3,
back,3,
ğŸ’,3,
ord,3,
v4,3,
chÃ­ch,3,
bÃ¬a,3,
80,3,
háº£,3,
ğŸŒ¸,3,
xaÌ€i,3,
mÄƒÌ£t,3,
cÃ¡u,3,
rá»‘t,3,
24h,3,
náº·c,3,
ğŸ˜,3,
tÆ°Ì£,3,
ğŸ,3,
giaÌc,3,
ğŸ™ˆ,3,
giÆ°Ìƒ,3,
loÌ‰ng,3,
kyÌ€,3,
khoe,3,
lÃµng,3,lá»ng
vx,3,
gam,3,
9k,3,
hog,3,khÃ´ng
noi,3,
lá»‡,3,
t5,3,
khÃ­ch,3,
dá»‘i,3,
26,3,
dang,3,
cÆ¡n,3,
ghÃ©m,3,
he,3,
5h,3,
lÃ¡t,3,
tiÃªÌp,3,
cÃº,3,
sÃ¡t,3,
a24,3,
haÌ€i,3,
phá»›t,3,
chá»‰n,3,
naÌ€o,3,
Ä‘iá»‡p,3,
ğŸ’,3,
trÃ¢n,3,
ty,3,
vo,3,
ngÃ³ng,3,
xÃ¡,3,
sop,3,shop
pháº­n,3,
nháº£y,3,
Ä‘áº¯n,3,
rá»±c,3,
sÃ©t,3,
ğŸŒŸ,3,
a15,3,
gáº¯ng,3,
nhug,3,nhÆ°ng
ğŸ‘,3,
a03,3,
vuÃ´ng,3,
sky,3,
káº¹t,3,
Ä‘á»‰a,3,
hÃ q,3,
triá»‡u,3,
5k,3,
trá»‘ng,3,
dÃ¬,3,
ğŸ˜¶,3,
miá»n,3,
thÃ´,3,
mÃ´Ìƒi,3,
hihihi,3,
ğŸ˜¿,3,
thá»§,3,
hit,3,
cg,3,cÅ©ng
chÄƒn,3,
Ä‘aÌng,3,
lay,3,
chÃ­n,3,
Æ¡,3,
lsau,3,láº§n sau
voÌ‰,3,
rats,3,ráº¥t
cáº£nh,3,
tÃ i,3,
2021,3,
Æ°á»›c,3,
1h,3,
Ã´k,3,
15p,3,
xai,3,
nilon,3,
cÄƒn,3,
cty,3,
hsau,3,hÃ´m sau
báº§u,2,
12k,2,
expres,2,express
vÃ¢Ì£y,2,
gá»Ÿi,2,
laij,2,láº¡i
mÃºn,2,muá»‘n
mÃ¹,2,
dat,2,
nÃ´i,2,
loÃ©t,2,
ğŸ‰,2,
ğŸ˜³,2,
maÌƒ,2,
trá»¯,2,
hiÃªÌ£u,2,
trÄƒÌng,2,
hao,2,
nhÃ²e,2,
lÃ´Ì£,2,
hoy,2,thÃ´i
ğŸ˜•,2,
lÄƒms,2,láº¯m
luc,2,
náº¡t,2,
nick,2,
filer,2,filter
bá»nh,2,
Ä‘Ã³a,2,Ä‘Ã³
aieu,2,siÃªu
háº¡ng,2,
niÃªn,2,
chÃ©t,2,
hÃ¡o,2,
káº¹p,2,
ohamr,2,pháº©m
tháº¥u,2,
slogan,2,
cáº¥t,2,
lunï¸,2,luÃ´n
romantic,2,
ğŸŒ,2,
hoÃ nh,2,
Ä‘Ã´Ì£,2,
má»“m,2,
vÃ¢Ìn,2,
phÃ©p,2,
ahuhu,2,
finish,2,
sÃ¡g,2,sÃ¡ng
nháº¡nh,2,
van,2,
bÃ­t,2,
cá»,2,
31,2,
thá»‘ng,2,
2ml,2,
bÃ£,2,
tháº¯m,2,
87k,2,
má»‹m,2,má»‹n
vua,2,
nháº½,2,
iv,2,
há»“q,2,há»“ng
Ä‘áº¿,2,
skinfod,2,skinfood
cá»¥t,2,
ndndnbfnrbrbnfndndkdkekekejdjdjsjsjsnsjsksksksmndncndnjskwke,2,spam
diá»‡n,2,
xá»‹t,2,
mlb,2,
nÆ°Æ¡Ìc,2,
máº­t,2,
ghÃ©p,2,
thg,2,thÆ°á»ng
buá»™c,2,
501,2,
há»‰u,2,
gay,2,
lnao,2,láº§n nÃ o
phá»‘t,2,
korea,2,
khj,2,khi
thÆ°á»›c,2,
vÃ¢Ì£n,2,
cá»©t,2,
rw,2,
1a,2,
biastore,2,
ğŸ™,2,
trÃ¡o,2,
nhoe,2,nhÃ©
rung,2,
ngá»«oi,2,ngÆ°á»i
hÃªhe,2,
cua,2,
nhang,2,
há»•,2,
haz,2,
má»©t,2,
nÄƒn,2,
nhieu,2,
thÆ°Æ¡n,2,thÆ°Æ¡ng
má»‘t,2,
dÃ iï¸ï¸ï¸,2,
nghÃ¬n,2,
kim,2,
hqa,2,hÃ´m qua
záº­y,2,váº­y
ğŸ’¦,2,
vÃ nh,2,
quaÌ‰,2,
nhá»n,2,
voÌn,2,
132,2,
asia,2,
lÄƒn,2,
gom,2,
theÌ€m,2,
háº¡nh,2,
thiá»‡c,2,thiá»‡t
sÃ¬,2,
ngÆ°á»iï¸,2,
dáº§y,2,
trÃ¬,2,
máº¡o,2,
tea,2,
tÆ°Æ¡Ì‰ng,2,
muÃ´n,2,
vaseline,2,
ğŸ˜±,2,
nhÃºng,2,
thÃ ,2,
quáº¥n,2,
tua,2,
thÃ¢t,2,tháº­t
saÌng,2,
khog,2,khÃ´ng
mat,2,
khá»­,2,
chá»­i,2,
a8,2,
Ä‘Ã©o,2,
zá»‹,2,dá»‹
recomended,2,
han,2,
daÌn,2,
tháº¿ch,2,
nai,2,
stan,2,
hom,2,
thua,2,
má»nh,2,mÃ¬nh
mÃ´ng,2,
mÃ£nh,2,
khoÃ¡i,2,
thun,2,
sÃºc,2,
caÌc,2,
giá»‘nh,2,giá»‘ng
Ä‘áº¯c,2,
30s,2,
thÃ¡o,2,
goia,2,gÃ³i
káº»o,2,
nyc,2,
ráº½,2,
nhoÃ©t,2,
Ä‘pej,2,Ä‘áº¹p
song,2,sá»‘ng
mÃ¢Ìy,2,
tÃºm,2,
luá»ng,2,lÆ°á»£ng
hint,2,
Ä‘á»›n,2,
gá»›m,2,
Ä‘inh,2,
Ä‘u,2,
no,2,
lÆ°á»›t,2,
caya,2,cÃ¢y
nhoÃ©,2,nhÃ©
khá»›p,2,
Ä‘áº©y,2,
glasting,2,
Â°,2,
chuá»™ng,2,
nhÃ n,2,
nhÆ°q,2,nhÆ°ng
lÆ°Æ¡ngj,2,lÆ°á»£ng
ds,2,dá»… sá»£
vá»£,2,
cháº·n,2,
Æ¡Ì‰,2,
reÌ‰,2,
128k,2,
chÆ¡m,2,
misha,2,
mary,2,
Ä‘Ã¢nh,2,
cola,2,
vag,2,vÃ 
tr,2,
yÃªm,2,
lÃªu,2,
Ä‘á»ƒu,2,
ğŸ™Š,2,
hiÃªÌ‰u,2,
bá»¥i,2,
xoa,2,
Ä‘nahs,2,Ä‘Ã¡nh
ná»‰,2,
chiu,2,
gum,2,
6h,2,
tnao,2,tháº¿ nÃ o
vá»ƒ,2,
chÃ²i,2,
90k,2,
cáº¡ch,2,
minhg,2,mÃ¬nh
sáº¡n,2,
ğŸ‘„,2,
diá»‡u,2,
bst,2,
vk,2,vá»£
Ä‘Ã­t,2,
kewt,2,
Ä‘vc,2,
tÃ³c,2,
rá»¥ng,2,
hÃ o,2,
thiÃªÌt,2,
mÃ©t,2,
Ã´kÃª,2,
end,2,
160k,2,
ngáº§n,2,
fit,2,
fre,2,
quÃ½t,2,
khoáº»,2,
gi,2,
chuÃ¢n,2,chuáº©n
xÃ¬,2,
há»o,2,há»™
cuÌ€ng,2,
Ä‘á»©t,2,
quÃ©,2,
suÃªu,2,siÃªu
lÄƒm,2,láº¯m
Ä‘oÃ¡n,2,
dá»ƒ,2,
saphire,2,
ytam,2,yÃªn tÃ¢m
dáº¡,2,
mÃ k,2,mÃ 
thÃªÌ,2,
60k,2,
cÃ nh,2,
tk,2,
sá»,2,
ace,2,
tuyá»‡,2,tuyá»‡t
spn,2,sáº£n pháº©m
nhoa,2,nha
fix,2,
ngáº¯n,2,
tam,2,
nhá»¡,2,
fs,2,
sanpham,2,sáº£n pháº©m
sjsjs,2,spam
pá»‹,2,bá»‹
má»‘c,2,
toi,2,tÃ´i
nÃ´n,2,
lá»™t,2,
cÃ¢c,2,cÃ¡c
bÃ¨o,2,
sÄƒÌc,2,
gold,2,
btw,2,
bá»‡p,2,
thÃ¢Ì‰n,2,
lams,2,láº¯m
zs,2,vá»›i
Ä‘á»n,2,
hÆ¡,2,
láº¿ch,2,
quÄƒng,2,
rata,2,ráº¥t
nhoÃ ,2,
hÃªÌt,2,
180k,2,
sx,2,
mem,2,
ğŸ˜ ,2,
be,2,
daÌ€i,2,
highend,2,
trá»«i,2,trá»i
Ä‘Ã¡t,2,
xjnk,2,xinh
kiÌ€,2,
chÃ©n,2,
2018,2,
hÃ²,2,
lÄƒng,2,
quÃ i,2,
há»‹i,2,
vÄ©nh,2,
veÌ‰,2,
tai,2,
roif,2,rá»“i
lá»±c,2,
nháº«y,2,
chÆ°ng,2,
lag,2,
ngÃ³n,2,
dinh,2,
pink,2,
bÆ°á»Ÿi,2,
gÃ ,2,
bá»‘,2,
clip,2,
1k,2,
a23,2,
tau,2,
ğŸ€,2,
toanh,2,
vÃ¢y,2,
loáº¹t,2,
trÃ¢Ì€m,2,
nhoÌ‰,2,
sÃ´,2,
m8,2,
báº­p,2,
ğŸ˜Ÿ,2,
sÆ°á»›c,2,
kiÃªn,2,
eyeliner,2,
502,2,
sÃ¹i,2,
dáº»o,2,
clasic,2,
r2,2,
layer,2,
midnh,2,mÃ¬nh
baby,2,
ráº¥y,2,
má»±c,2,
mÃ©p,2,
jtexpres,2,
lá»£i,2,
Ã¹i,2,rá»“i
ngai,2,
Ä‘áº¹po,2,Ä‘áº¹p
sÆ°á»›t,2,
Ä‘am,2,
doi,2,
2g,2,
sec,2,
Ä‘áº¹o,2,Ä‘áº¹p
nhanhï¸,2,
Ä‘áº½,2,
Ä‘Ã¢m,2,
sexy,2,
vcÄ‘,2,
1p,2,
diÌnh,2,
503,2,
giÃ¢Ìy,2,
rÃ¢y,2,
302,2,
mÃªm,2,
xÄƒm,2,
Ä‘áº£,2,
mewgulfisreal,2,spam
ngá»«i,2,ngÆ°á»i
quÃ¡n,2,
cm,2,cháº¿t máº¹
bá»©c,2,
lÃ²ngï¸,2,
cáº¡nh,2,
quá»µt,2,
ná»±a,2,ná»¯a
ğŸ¤“,2,
rÃ¬nh,2,
khoi,2,
oklk,2,oke
sÆ°Ì‰,2,
cÃ¡p,2,
rá»‡t,2,
mi,2,
dáº½,2,
hsv,2,
diem,2,
hihihihi,2,
zalo,2,
chÃ¬u,2,
sÄƒm,2,
chá»›p,2,
a08,2,
sáº£o,2,
áº©n,2,
okm,2,oke
Ä‘Ã n,2,
youtuber,2,
bis,2,
quÃ´Ìc,2,
hapy,2,
ğŸ§¡,2,
maug,2,mÃ u
Æ°g,2,Æ°ng
Ä‘Æ°Æ¡ng,2,
oan,2,
tang,2,
Ä‘iÌ‰nk,2,Ä‘á»‰nh
mnh,2,mÃ¬nh
quÃ¡nh,2,
shopmal,2,shopee mall
bá»©,2,
cmt,2,
daÌ€y,2,
a32,2,
Ä‘áº¹pm,2,Ä‘áº¹p
born,2,
Ä‘Æ°á»£cï¸,2,
dhc,2,
10d,2,
nhÃ¡ch,2,
vÃ©t,2,
mother,2,
kiu,2,
bÃªÌ€n,2,
Ä‘ou,2,Ä‘Ã¢u
khoa,2,
vÃµ,2,
Ä‘ai,2,
náº¿m,2,
chá»‘t,2,
beter,2,
ğŸ’,2,
nhá»§,2,
rá»§,2,
quÃ¡i,2,
3h,2,
cbá»‹,2,chuáº©n bá»‹
ru,2,
máº©u,2,
duoc,2,Ä‘Æ°á»£c
kÃ¬i,2,kÃ¬
Ä‘oang,2,
bom,2,
cu,2,
bá»‡nh,2,
nhuá»‘c,2,
khoÄƒn,2,
mÃ­t,2,
tÃ¢n,2,
bÃ¡i,2,
Ä‘ac,2,Ä‘Ã£
n4,2,
quá»›,2,quÃ¡
nháºµn,2,
tÃ¡i,2,
cháº³n,2,
Ã©,2,
quÃ¡a,2,quÃ¡
Ã´m,2,
lá»©m,2,láº¯m
Ä‘Ãª,2,
kÃª,2,
chá»©c,2,
nhes,2,nhÃ©
Ã­ch,2,
5â˜†,2,
sr,2,xin lá»—i
ke,2,
Ä‘ungs,2,Ä‘Ãºng
bj,2,
chuyÃªÌ‰n,2,
há»©ng,2,
quad,2,quÃ¡
cá»“n,2,
yeu,2,yÃªu
hanh,2,
Ä‘iÃªÌ‰m,2,
ğŸ½,2,
ngÆ°ng,2,
á»›t,2,
Ä‘á»™i,2,
Ã½y,2,Ã½
lÃ¡ng,2,
báº¥y,2,
cbi,2,chuáº©n bá»‹
há»•ng,2,
60,2,
chÃ´Ìƒ,2,
má»,2,
á»›,2,
ver2,2,
bnhieu,2,bao nhiÃªu
pr,2,
hÆ°Æ¡u,2,
láº¡y,2,
nhÆ°bg,2,nhÆ°ng
same,2,
quá»¹,2,
105k,2,
uÃ´ng,2,
tá»‡p,2,
Ä‘v,2,
yÃªuï¸ï¸,2,
Ã¨o,2,
lÃª,2,
ghe,2,
hÃ©o,2,
ká»·,2,
bil,2,
má»™i,2,
thá»•i,2,
luáº­t,2,
Ä‘uoc,2,Ä‘Æ°á»£c
cÃ ,2,
tato,2,
choÌ£n,2,
â€œ,2,spam
dá»Ÿm,2,
Ä‘Ã­ch,2,
tá»«g,2,tá»«ng
trá»“i,2,
cÆ°á»i,2,
sÆ°u,2,
Ãª,2,
col,2,
lemonade,2,
19k,2,
8k,2,
coral,2,
ğŸ˜º,2,
chie,2,
giÃ¹m,2,
tÃª,2,
Ä‘Ã¢Ìt,2,
phÃ¬,2,
xui,2,
yáº¿t,2,
Æ°ngcháº¥t,2,Æ°ng cháº¥t
hÃ²ng,2,
há»©c,2,
ğŸ’ª,2,
asian,2,
lÃ£ng,2,
hm,2,
nilong,2,
quet,2,
dÆ°Æ¡Ìi,2,
x2,2,
trá»™i,2,
háº¹,2,
hoáº¡,2,
dt4,2,
rÅ©,2,
ngÆ°Æ¡Ì€i,2,
a21,2,
city,2,
hg,2,
soÃ¡t,2,
hia,2,
sá»n,2,
sock,2,
vá»‡,2,
luÃ´ng,2,
ğŸŠ,2,
noÌ,2,
tá»,2,
Ä‘eph,2,Ä‘áº¹p
insta,2,
tÃ m,2,
Ã¡m,2,
chia,2,
trÃ¹ng,2,
chiangmai,2,
mod,2,
cac,2,
m5,2,
haÌƒng,2,
instagram,2,
thoÌ‰i,2,
trÃ³t,2,
304,2,
xá»‹,2,
há»Ÿ,2,
nhnh,2,nhanh
Ä‘ung,2,Ä‘Ãºng
gáº·m,2,
chá»›,2,
12r,2,
Ä‘á»§u,2,
nhing,2,nhÆ°ng
moÌ£i,2,
nÃ u,2,
a10,2,
uho,2,
phic,2,
ngaÌ€y,2,
á»•ng,2,
okelah,2,
5ï¸,2,
bjo,2,bao giá»
binh,2,
tgif,2,
mÃ´Ì£t,2,gÃ¬
v12,2,
27,2,
â€ï¸â€ï¸,2,
hinh,2,
dr,2,
hÃªÌ£,2,
Ä‘ag,2,Ä‘ang
hem,2,
dÆ°Æ¡ng,2,
vá»©c,2,
ngháº»,2,
xg,2,
pai,2,
roman,2,
brand,2,
ğŸ˜£,2,
ts,2,
phÃº,2,
tiá»‡m,2,
beach,2,
vai,2,
luÌc,2,
kháº¯m,2,
há»™t,2,
mag,2,mang
ğŸŒ·,2,
2sp,2,
gud,2,
lÃ¢m,2,
Ä‘iÃªÌ€u,2,
aw,2,
nhaÌi,2,
â€¢,1,spam
10c,1,
nyanh,1,
version3,1,
sjsjsjhshshsh,1,spam
há»•m,1,
nÆ°á»¡,1,
sad,1,
mÃ u2,1,
132k,1,
gÃ­,1,
tráº¯c,1,
Ä‘inhn,1,
colorpop,1,
ngoÌ£t,1,
colagen,1,
cashbag,1,
ncnxnx,1,spam
a9,1,
cÃ¡t,1,
kokokokokokokokokomom,1,spam
spf20,1,
velet,1,
gjknmkigfdfghohbkvdfghgvghjo,1,spam
Ãº,1,
giá»‘ng2,1,
luoi,1,
qa,1,
mrs,1,
nháº§u,1,
áº·ng,1,
shoping,1,
jujube,1,spam
ğŸ¥µ,1,
oáº£m,1,
click,1,
408,1,
lÃ¹ng,1,
xáº¡m,1,
chá»‘g,1,chá»‘ng
chuáº§n,1,
vÃ³i,1,
thÆ¡i,1,
Ã¡n,1,
naof,1,
midnight,1,
Ã¡gdjbfndkbsnsndbnxkxnxbx,1,spam
ysl,1,
bÆ¡Ì‰i,1,
nhÆ°u,1,
air,1,
rÃªÌ£t,1,
minhd,1,
vercity,1,
Ä‘á»‡p,1,
khoÃ¡ng,1,
hz,1,spam
er,1,
nhuebg,1,
biÃªtchatas,1,spam
oham,1,
lá»™ng,1,
okokojkokokokokok,1,spam
jwowkwbsgxhfkrmbagshxidkfbtbeguwiskxbxjaoqkqbzhjdfp,1,spam
sá»c,1,
candy,1,
hjhjhjhjhj,1,spam
hÃ²n,1,
thowm,1,
motherâ€™s,1,
Ä‘áº¹pÃ´popop,1,
postcard,1,
nhá»­,1,
Ä‘angh,1,
thÃ­m,1,
690,1,
chá»©ï¸ï¸ï¸,1,
suÃ¢Ìt,1,
nhahnh,1,nhanh
zÃ£,1,
thÃ¢Ìp,1,
phÆ°Æ¡ng,1,
chÃ³c,1,
giÆ°,1,
hÃ¹,1,
Ä‘Ã¨n,1,
lá»c,1,
505,1,
live,1,
mauf,1,
djsnsjsnsjnsjsndjdkjdkjxjdjdjsjsndjdjndjdndkdnbdbdhshbhghjkjhgfskdjdbdjdnjÄ‘n,1,spam
hsgshsgshsnsgsvsjhsbshebebebebdvehebdhehdbdbdhdhehebhehebebehegegehrvrbdbrhrhrhrgrgbrbrvrbdbrhrbrhr,1,spam
kakakaka,1,spam
nháº¹ï¸,1,
colection,1,
khÃ´bg,1,khÃ´ng
láº¥m,1,
Äƒ,1,
váº¡y,1,
jnt,1,
ğŸ’†,1,
lÃ¨m,1,
mia,1,
kjhjusidhjhcbebcjie,1,spam
10â‚«,1,
thaÌi,1,
mjnh,1,
sÃ­t,1,
áº¹,1,
toasted,1,
thÃ­áº¿u,1,thiáº¿u
ğŸº,1,
choe,1,
oknbvhbvbnjhbnjhgbnjn,1,spam
abcdxyztghiklmnopqt,1,spam
690k,1,
chuáº£n,1,chuáº©n
quÃ¡ch,1,
vá»©ng,1,
315k,1,
Ä‘áº¹pï¸,1,
xloi,1,
ráº©t,1,
shade,1,
ká»¹ï¸ï¸ï¸sáº¯p,1,ká»¹ sáº¯p
hÃ­t,1,
áº¡ï¸ï¸ï¸ï¸ï¸ï¸,1,
nhá»¯a,1,
sá»,1,
bsbabavavavavagagagwgwgwgwgwgqgwgwgwgwgwg,1,spam
jsjauahwjwidjsjdbdbsj,1,spam
diu,1,
ğŸ˜½,1,
trÃ©t,1,
79k,1,
hÄƒÌc,1,
fjksk,1,spam
kikiki,1,spam
dbnsnsns,1,spam
ráº¥,1,ráº¥t
Æ°Æ¡n,1,
jejsnÄ‘Ã³pldkdjxnxjxjidá»—djxnxnxjkxÃµkxkxjxjxjxjxjxjxj,1,spam
luÃ´m,1,luÃ´n
heroine,1,
má»c,1,
lÃ³,1,
mÃµi,1,
dá»¥c,1,
xiud,1,xÃ­u
hcung,1,giá» cÅ©ng
tube,1,
rÄƒt,1,
sá»±u,1,
hdgsjsvcjsisbsisocnxjdisjdjdfjsjwjwjwjwjs,1,spam
Ä‘unhs,1,
sÃ­u,1,
dkxkxnxhzhshzbxjxbxnxnznhzhxhdckfkckcmf,1,spam
mÃ³c,1,
â•¯3â•°,1,spam
ngáº¥y,1,
Ã k,1,
zá»«,1,
kiÃªÌn,1,
toe,1,
camon,1,
t10,1,
tiÌnh,1,
mÃªmmá»n,1,mÃªm má»n
lÆ¡Ìƒ,1,
ksba,1,
thÃ¢dy,1,tháº¥y
rhrsuvorjksqeijfsjsmdhsrkrnkdkszkekdkdjdicocodepdpepefnkaqdjfdkosofnfnekznc,1,spam
chÃªk,1,check
thÄƒm,1,
chÆ¡n,1,
minisize,1,
shdbdkjsdhdhdjdhfhfhvdvdbdndnxbdjd,1,spam
dgkohfswryhvxsfjkpyfdfvjkigdsxqwryiohfsfxbmkirwsfhcxvnkphrwtuonvÄ‘thkgfghb,1,spam
giaocho,1,giao cho
thiwsch,1,thÃ­ch
dá»«ng,1,
minf,1,má»‹n
Ã¹ng,1,
muot,1,
giaÌ‰m,1,
tá»“t,1,
tháº­nï¸,1,
Ä‘oÌ,1,
xinhjhjhj,1,xinh
vÃ¨,1,
kahsnjs,1,spam
báº¿,1,
siá»ƒu,1,
customers,1,
kÃ©t,1,
hoÃ²ng,1,
liÃªm,1,
doroti,1,
v15,1,
ğŸ´,1,
jsjns,1,spam
camn,1,cam
aex,1,spam
drhrjhfghysascvnkjklkrewdb,1,spam
chá»¯a,1,
giá»i,1,
ngá»›,1,
giÆ°Æ¡ng,1,
dÃµ,1,
4sao,1,4 sao
haÌ€,1,
godjahagahajhchqjwjkwjhbsnkclflwkjqha,1,spam
nvkvlckflkdoskwbjvksja,1,spam
lui,1,
okjkjk,1,ok
n803,1,
bian,1,
thÃª,1,
Ä‘áº¿m,1,
mÃ u21,1,mÃ u 21
pháº£ng,1,
hidentag,1,
vá»£i,1,
Ä‘Ã¢Ã¹,1,
nhauá»‘g,1,
mÆ°á»n,1,
ngáº§u,1,
nÃ©n,1,
hajakajabsvsjsosoabsbs,1,spam
má»“i,1,
mog,1,mÃ²
Ä‘Äƒq,1,Ä‘Äƒng
hÃ¡n,1,
gdhdhdhdbxbhjs,1,spam
gshjsmam,1,spam
eoif,1,spam
hshgdhxbxbdhshdbchfhfbf,1,spam
váº¡,1,
jhanh,1,
nhiá»uiu,1,nhiá»u yÃªu
thjchs,1,
ki,1,
fashion,1,
nuÃ´n,1,
chuts,1,chÃºt
tÃ ,1,
ï¸chÃ¢Ìt,1,
cháº±ng,1,
Ä‘Æ°Æ¡cj,1,Ä‘Æ°á»£c
kjk,1,spam
ndndndjdjdjdndjdjdjdjdjdndndnbxdndndnxndndndndnxndndnxndndnxndndndn,1,spam
phia,1,
folow,1,
bÃ³g,1,bÃ³ng
luÃ´b,1,luÃ´n
bsb,1,
nj,1,spam
bam,1,
tumlum,1,tÃ¹m lum
bsnshksbskdbsnmsmsbsksmsbskshvsmsksgsvxhzh,1,spam
nÃ¡hbsvshshjsjsj,1,spam
Ä‘iÃªÌ£n,1,
áº¥yhxhfx,1,áº¥y
chÃºng,1,
ahihihi,1,
4s,1,
thÃ¡nks,1,thanks
Ä‘Æ¡i,1,
Æ°ngï¸ï¸ï¸,1,
lÃºn,1,
1sao,1,1 sao
ndkdnd,1,spam
tuyÃªti,1,
rit,1,
safe,1,
10h30,1,
amazon,1,
wisirnziwiwo,1,spam
hsjsjsjsjksksmdndncncndn,1,spam
Ä‘e,1,
1616,1,
á»‰m,1,
bp,1,
trÆ°Ì€,1,
mab,1,man
thiáº¿c,1,
eat,1,
trÃ­ch,1,
truy,1,
1phÃºt,1,1 phÃºt
lamnmnm,1,lamn
bls,1,
tuyÃªtj,1,tuyá»‡t
stem,1,
hÃ ngnhanh,1,hÃ ng nhanh
khomoi,1,khÃ´ mÃ´i
ná»¯ashop,1,ná»¯ shop
zá»,1,vá»
khÃ´n,1,
hihihihihihi,1,
orÃ©al,1,
kiukiu,1,
bg,1,
rÃ¡c,1,
isjdjdhdhehdbjnsjbshwhsbsbwjsbdbdbdjk,1,spam
bá»i,1,
sung,1,
sáº¯n,1,
boÌc,1,
tÆ°Ì€ng,1,
nzmxnxnkzmzmzmzmzm,1,spam
nÆ°az,1,ná»¯a
3giá»,1,3 giá»
ne,1,
xiÌu,1,
klk,1,
cuc,1,
bÃ³n,1,
sjsjsjsj,1,spam
ip,1,
yourselfâ€,1,yourself
scrunchies,1,
ygfvbghjijbv,1,spam
baze,1,base
há»›i,1,
phÃ¢mr,1,pháº©m
142k,1,
Ä‘Ã³nb,1,
page,1,
nÃ´Ì‰i,1,
xÃª,1,
oy,1,
phytotre24h,1,spam
unhr,1,
ndbdnd,1,spam
sá»›,1,
keÌn,1,
luÃ´nmn,1,luÃ´n
job,1,
chÃ´Ìng,1,
kiÃªÌ‰u,1,
vá»iï¸ï¸ï¸,1,
bá»£,1,
fine,1,
tÆ¡,1,
vá»n,1,
cacao,1,
okayce,1,
un,1,
ğŸ’°,1,
quáº¯n,1,
toÃ©t,1,
khÃ³c,1,
hekm,1,
thÆ°Ì£c,1,
ngáº©n,1,
3sao,1,
giaohÆ¡i,1,giao hÆ¡i
chÆ°á»¡ng,1,
trag,1,
hÃ£g,1,
2l,1,
adyuhgdsdrygfgvhih,1,spam
dÆ°á»ng,1,
hnaÌ€g,1,hÃ ng
táº¯c,1,
trá»¥i,1,
pÃ¹n,1,
bÆ°Ì£,1,
â‚«2â‚«,1,2 Ä‘iá»ƒm
dÄ‘jhfvjhcnjhcfjbvshsbsjshshjsjshshsjsjhs,1,spam
phmr,1,spam
buÃ´Ì€n,1,
khÃ´ngi,1,khÃ´ng
lnk,1,
Å©ng,1,
nhÄ©,1,
dt,1,
há»náº¿u,1,há» náº¿u
láº¯p,1,
chÃ´i,1,
trÃ o,1,
luÃ´ngh,1,
ğŸ’¸,1,
Ä‘aÌ€ng,1,
new,1,
má»g,1,má»ng
chuá»‘i,1,
qÃ¡u,1,quÃ¡
giong,1,
háº±n,1,
áº¯m,1,
phá»Ÿ,1,
athu,1,auth
xá»©t,1,
khoing,1,khÃ´ng
nÃ£o,1,
jdjdhsjsjsjshshs,1,spam
hjhjhj,1,
318k,1,
xaÌch,1,
phari,1,
sáº£mln,1,sáº£n
cjks,1,spam
jgchkjvbjk,1,spam
dndns,1,
coralnha,1,coral nha
zm,1,
vá»,1,
vÃ¨o,1,
ğŸƒ,1,
kiáº¿p,1,
boc,1,
vietelpost,1,
thÃ´Ìng,1,
hÃº,1,
cá»±,1,
quáº¹o,1,
nhu2ng,1,
trá»n,1,
nhÃ nh,1,
rá»¡,1,
náº¿p,1,
mÃ¢Ìƒu,1,
ofcial,1,
Ä‘ewsn,1,
bá»n,1,
nhi,1,
kid,1,
Ä‘Ã²ng,1,
kiáº¿u,1,
cháº©,1,chuáº©n
nhÃ©bcbxhÄ‘jdjfjdjdjsksjdbdjdjdjdjÄ‘jdjdjf,1,spam
fjkdndkrjncn,1,spam
sá»«ng,1,
jsjsnsnsn,1,spam
tb,1,
jwejejdjdndjdjdks,1,spam
inc,1,spam
nhÆ¡Ì£t,1,
lÆ°owngn,1,lÆ°á»£ng
ngáº¡ch,1,
loÃ¡ng,1,
tar,1,
ng3,1,
phÃ¡ch,1,
andmdkdkfkdkdmdkfdkdkfkfjfnfkfkfkf,1,spam
dv,1,
logo,1,
xinhdjdjdjdjdjdjdjdjdjdjhd,1,spam
der,1,
sunlight,1,
ğŸ¤¬,1,
meme,1,
340k,1,
edit,1,
rÃª,1,
caÌi,1,
lÃ¹n,1,
báº¡o,1,
nhÃ£,1,
laÌ£,1,
loaÌ£i,1,
cmnd,1,
Ä‘Äƒtj,1,
â€˜snbdhdbsbdhsjnzhdnsbdbdbdbsbdbdbd,1,spam
voiuiu,1,vá»i
dÃ¡nh,1,
táº·q,1,
biÃªÌt,1,
Ä‘oÃ ng,1,
gá»›t,1,
anyway,1,
deksk,1,
yeh,1,
láº¡o,1,
hÃ u,1,
báº«y,1,
chá»‘c,1,
mÃ©,1,
kÃ¬a,1,
chá»›t,1,
trá»,1,
nhiá»uhu,1,
chÃ©ck,1,
28,1,
cÃª,1,
taÌ‰,1,
encore,1,
ngÃ³i,1,
being,1,
iaiaiaiaisbsie8wnesu8wiwbajwownshijz,1,spam
mau12,1,
rÃ¹iï¸,1,
dhop,1,
kfc,1,
vt,1,
7g,1,
ig,1,
lÆ°á»£ngï¸ï¸,1,
15â€™,1,
cáº±m,1,
242k,1,
aj,1,
fai,1,
toÃ¡c,1,
Ä‘aÌ£i,1,
wodjckeidixj,1,spam
tq,1,
cÃ¹q,1,
Ä‘Ã³o,1,
jvcbnvc,1,spam
nhá»‡n,1,
trloi,1,
cháº£nhson,1,cháº£nh son
dt9,1,
tá»¥i,1,
ğŸ”¥,1,
soang,1,
gdhdhdjdjrjfjrjfjfjfjf,1,spam
thÆ°Æ¡g,1,
há»i,1,
dvc,1,Ä‘Æ¡n váº­n chuyá»ƒn 
7h,1,
nhá»n,1,
mÃ²,1,
thá»§y,1,
dongd,1,Ä‘Ã³ng
chongs,1,chÃ³ng
ghgdxhsxgjvfdhbxfbdfhcz,1,spam
goÌ£i,1,
tuÌi,1,
ğŸŒ¼,1,
quÌa,1,
hÃ´ngd,1,
bite,1,
náºµng,1,
phim,1,
bthá»«ong,1,bÃ¬nh thÆ°á»ng
sksndjdnjsbjdjshqhdhdihwihidhsubeuhebebeheh,1,spam
nháº©y,1,
niem,1,
Ä‘iá»‡u,1,
mak,1,
lÆ°Æ¡ngh,1,lÆ°á»£ng
vfghygfed,1,spam
jdhxhevksjshdjdjebdjdháº¹bÄ©hejhfÃªá»™dhibÄ‘iÃ©jfiá»±Ä‘iÃªibjdiÆ°njxjr,1,spam
xinhğŸ–’,1,
cuÌ£c,1,
Ã³o,1,
goid,1,
lá»¥a,1,
thÃªÌ‰,1,
boujoir,1,
khu,1,
káº½,1,
chÆ¡Ì€,1,
xáº¿p,1,
heheheh,1,
kakwjfclv,1,spam
giá»ng,1,
chawsb,1,chÃ¡n
shy07,1,
dá»¥,1,
mÆ°á»£n,1,
ná»¯au,1,ná»¯a
Ã½ï¸ï¸ï¸,1,
iÌt,1,
trÄƒngs,1,tráº¯ng
thk,1,
clips,1,
230k,1,
cáº¡,1,
uá»•n,1,
luonï¸ï¸ï¸ï¸ï¸ï¸ï¸,1,
há»™tiáº¿p,1,há»™ tiáº¿p
Ã©p,1,
17k,1,
nÆ°a,1,
ath,1,
jhchjhgvg,1,spam
xoáº¯n,1,
váº£o,1,
báº¡i,1,
150x2,1,
nuÃ´i,1,
Ä‘Ãºnq,1,
fgjvcxdfghjk,1,spam
xoÃ i,1,
chÆ°Æ¡Ìc,1,
mifnh,1,
eka,1,
tvt,1,
nhaw,1,
tots,1,
vbhdbmncs,1,spam
sklanfjcnf,1,spam
kakakakajakakakakakakakajsksmsmsa,1,spam
Æ¡m,1,
ğŸ›µ,1,
ngÃ¢Ì£p,1,
ğŸ”¤,1,
háº³ng,1,
ver3ï¸,1,
choioi,1,
shanghai,1,
mÃ´iï¸ï¸ï¸,1,
nchug,1,
nháº¹n,1,
nhiewuf,1,nhiá»u
thÃ­,1,
saonha,1,sao nha
chÃ´g,1,
nalpwufv,1,spam
xÆ°Æ¡ng,1,
bá»›i,1,
hdkdbejdjbdjdidhsishsbsihsvekshehbskshsbjshbsiebeiehshjsbsusjksjwvwowhwvwiwhwuwiwonsbvskosowhwhwjakjs,1,spam
7km,1,
hochocjpvivihchlcocidhoficjcjpchocjovixhihxihcihcihchchichovjihivhivhov,1,spam
má»“ng,1,
láº±m,1,
380k,1,
jnjnj,1,spam
uÃ´ngd,1,uá»‘ng
kemk,1,spam
fv,1,
chÃ¡dr,1,chÃ¡n
quÃ¢n,1,
zÃ¬a,1,
Ã­i,1,
nhiwng,1,nhÆ°ng
muÃ´Ì£n,1,
moÌp,1,
q7,1,
350,1,
ibx,1,
ï¸god,1,
hÃ ngb,1,
cutesï¸,1,
bÃ©ï¸ï¸ï¸,1,
nghiÌƒ,1,
ná»©a,1,
utube,1,
mÆ°á»i,1,
warning,1,
Ä‘ka,1,
mÃºc,1,
fj,1,
bÃµ,1,
Ã³ï¸ï¸ï¸,1,
1day,1,
náº¹,1,
baoh,1,
nhÃ¢t,1,
perfec,1,
jhdhdbhshshsh,1,spam
okokokokokokokokokokokokokokokokokokokokokokokokokok,1,ok
moÌ‰i,1,
sá»¥n,1,
mkmkmk,1,spam
sáº¯cxcxc,1,sáº¯c
gach,1,
laÌ£nh,1,
hey,1,
vá»Ÿ,1,
livestream,1,
má»¥,1,
cen,1,
en,1,
hnamskj,1,spam
xÃªnh,1,
thÃ³i,1,
ngÃ¡i,1,
hÃ¡,1,
ğŸ…,1,
vietpost,1,
khoá»‰,1,
Ä‘Ã©n,1,
ï¸ï¸ï¸ï¸ï¸ï¸ï¸ï¸ï¸ï¸ï¸ï¸ï¸ï¸ï¸ï¸ï¸ï¸ï¸ï¸ï¸ï¸ï¸ï¸,1,
unbox,1,
â€œcÃ³,1,
chanel,1,
xÃ¢y,1,
lá»¥m,1,
jsbtua,1,spam
ghjhgfygfdxzx,1,spam
nhiÃªdu,1,nhiá»u
gÅ©,1,
xuÃ¢Ìt,1,
lÃ¢ng,1,
75k,1,
luÃ´nmÃ u,1,
má»±Æ¡n,1,
13h30,1,
xaï¸,1,
okhá»™p,1,
caia,1,
cÆ°Ì,1,
uá»‘ngh,1,
eowoxknfoe,1,spam
hdjdjdjdkd,1,spam
revew,1,
wonderful,1,
trÃªb,1,
12h30,1,
upc,1,
trk,1,
Ä‘Ã¬nh,1,
ï¸ï¸ï¸ï¸ï¸ï¸ï¸ï¸ï¸ï¸ï¸ï¸ï¸ï¸ï¸ï¸ï¸ï¸ï¸,1,
tháº­np,1,
hoen,1,
ksjxkskckskckdkoxokckdkxdocodkdkcodkdkfcksfkcfkfk,1,spam
Ä‘áº­mâ€ï¸,1,
thgian,1,thá»i gian
viÌ£,1,
vÆ°Ì€a,1,
ckd,1,
thansk,1,
mÆ°Ì€ng,1,
ğŸ†,1,
huÌ‰y,1,
dm,1,
luojngw,1,
nsosoqjdhjqonxhsjxhojdnwnjwksbsbxjzbwbebdnakwjwnwn,1,spam
cháºµn,1,
sÃ n,1,
Ä‘oÃ nh,1,
phÃ¡,1,
Ä‘Æ¡Ì£t,1,
tháº£nh,1,
p2,1,
nhÃ´m,1,
chÃ¢ta,1,
world,1,
jnenh,1,
fuenfjemb,1,
nhÆ°nxg,1,
nhá»±t,1,
hihihihihihihihiÌ£ihiÌ£ihijiÌ£ihihijijijvsbshxdx,1,spam
bá»‡ch,1,
cdfgcvhbhj,1,spam
v10,1,
chiwf,1,
f,1,
Ä‘Ã³nh,1,
healthy,1,
yeah,1,
kdm,1,
hdjxjxnx,1,spam
nsbs,1,
â‚«1â‚«272â‚«2,1,spam
caÌm,1,
quá»›t,1,
goÌ£n,1,
49k,1,
changmakeup,1,
keÌ€m,1,
ngá»¡,1,
naÃ²,1,
nsnsbsbdbdnbdndndnsnsnsndndn,1,spam
chá»¥pï¸,1,
luÃ´nláº§n,1,luÃ´n láº§n
ghjhghjhjkolkhgfvghj,1,spam
tiá»nï¸,1,
cthay,1,
â€œchange,1,
nÄƒÌ£ng,1,
Ä‘Ã©pon,1,
maÌ£nh,1,
bok,1,
cÃ¹nh,1,
nvc,1,
gomordertaobao,1,spam
giang,1,
149,1,
lia,1,
cÃ²,1,
eweb,1,
mÃ­,1,
3s,1,
ğŸ’,1,
ug,1,
lana,1,
váº¡t,1,
beat,1,
tiÃªÌc,1,
mÃ u25,1,
ngiÃªng,1,
tiu,1,
127,1,
yuyu,1,
vÃ¢zn,1,
vÃ£iui,1,
nsjndndnxnsndbnsnbdbdbsnsbsbdb,1,spam
má»£,1,
pá»¥g,1,
lipstick,1,
greating,1,
salsa,1,
form,1,
now,1,
taupe,1,
backtoschol,1,backtoschool
gke,1,
5mÃ u,1,
sanh,1,
hjajfj,1,spam
máº¹t,1,
trÆ°á»£c,1,
Ä‘áº¹p2,1,
bsbs,1,spam
ver6,1,
tÃ¬,1,
thá»ng,1,
Ã¢m,1,
nhÃ³o,1,
thÃ¹y,1,
bá»‹ch,1,
mÃ¹nh,1,
sÃ¹ng,1,
riÌt,1,
ay,1,
quáº¿n,1,
tiÃ©p,1,
báº«n,1,
ğŸ’©,1,
tuyá»‡t5t,1,tuyá»‡t
sphskdnxkshskshdhdksjsjdjdnsnsjsjsjsjsjahdj,1,spam
háº¿k,1,
bá»“n,1,
sphÃ¢Ì‰m,1,
sj,1,
cá»i,1,
vowisi,1,
quoÃ¡nh,1,
tÆ°á»›c,1,
guá»™t,1,
xÃ¢Ìu,1,
â€˜,1,
rang,1,
xÃ³a,1,
Ä‘áº¡p,1,
pk,1,
bsbsbhajajsbdhs,1,spam
mÃ¬,1,
abj,1,
91k,1,
tiwps,1,
khenâ°,1,
129k,1,
Ä‘uocwj,1,
áº¡g,1,
sjhdnsnsn,1,spam
gáº­t,1,
vayhangdau,1,vay hang dau
gr,1,
bik,1,
chuáº«n,1,chuáº©n
lÃ nh,1,
kdnskabdjn,1,spam
164k,1,
hnsjajsbdbjdjwjbdijcbcjajsnfnfnfjdnsnbd,1,spam
thaks,1,thanks
3cay,1,
khÃ­a,1,
cÃ i,1,
xiáº¿t,1,
Ä‘Ã´Ì€,1,
pase,1,
pÃ­k,1,
tÃ´ngcam,1,tÃ´ng cam
ghs,1,
tu,1,
nÃ­,1,
nhÃ ï¸ï¸ï¸ï¸ï¸,1,
chÃ­h,1,
ngáº¡c,1,
táº§n,1,
duma,1,
giÆ¡Ì€,1,
khoaÌ‰ng,1,
ln,1,
vÆ°af,1,vá»«a
âœŒ,1,
bÃ­k,1,
lá»¹,1,
2sao,1,2 sao
recomed,1,
hasaki,1,
hÃ¢haha,1,
trÃ¢ng,1,
gÃ³iu,1,
nhea,1,
Ä‘uÌ£ng,1,
kÄ©kjkjkjhgfgh,1,spam
sÃ¡n,1,
makes,1,
há»©a,1,
cungz,1,
134k,1,
loreal,1,
Ä‘iÃªn,1,
ğŸ¬,1,
ghá»›m,1,gá»›m
ná»©c,1,
tÄƒn,1,
chá»£t,1,
láº³ng,1,
báº·n,1,
milk,1,
bÄƒÌ£m,1,
shoper,1,
háº£ng,1,
ga,1,
trÆ¡,1,
239k,1,
cá»c,1,
dÃ²q,1,
yd,1,
eiwirorgjrirndj,1,spam
slale,1,
gÃ¡y,1,
ket,1,
khÃ¨,1,
biaï¸,1,
hoie,1,
hoei,1,
gdudbjrh,1,spam
lÃ¢um,1,
thankï¸,1,
xjxjnxnxnxnxnxnxnxnxn,1,spam
Ä‘Ã¢yj,1,
ğŸ¤•,1,
nxnxb,1,spam
tru,1,
14h30,1,
loi,1,
dÃ ij,1,
áº¯mt,1,
áº¡bxbdbdbdbdhbdbxbxbxbxbxbxbxvxbxbxbxbxbxbxbxbxbxbxbxbxbsbsbsbsbsbsbsb,1,spam
Ä‘uá»‘i,1,
Ä‘,1,
gis,1,
cÃ¹i,1,
liÃªÌ€n,1,
49,1,
230,1,
25k,1,
thang5,1,
trÆ¡Ì€i,1,
naod,1,
kskdndkdndjdjsnsksnsnisnsnjsbjsdbnd,1,spam
tume,1,
thfi,1,
ráº§y,1,
xinhï¸ï¸ï¸,1,
ãƒ,1,spam
glos,1,
trÆ°á»£t,1,
hinhf,1,
ï¸hang,1,
hjdidjsijsisjdodnshjwjsidjebisnejwinsixsn,1,spam
scocola,1,
cÃ²ná»±Ä‘Æ°á»£c,1,
rÃ¢dt,1,
khai,1,
qÃºa,1,
Ä‘g,1,
vÃ¹,1,
dÄ©,1,
beautyblog,1,
Ä‘ef,1,
mÃ¡n,1,
careshet,1,
ráº£nh,1,
0â‚«,1,
toits,1,
lovelovelovelovelovelovelovelove,1,love
cÃ o,1,
m02,1,
bia25,1,
nvien,1,nhÃ¢n viÃªn
chÃ nh,1,
ï¸ï¸ï¸ï¸ï¸ï¸ï¸ï¸ï¸ï¸ï¸ï¸ï¸ï¸ï¸ï¸ï¸ï¸ï¸ï¸ï¸ï¸ï¸ï¸ï¸ï¸ï¸ï¸ï¸ï¸ï¸ï¸ï¸ï¸ï¸ï¸ï¸ï¸ï¸ï¸ï¸ï¸ï¸ï¸ï¸ï¸ï¸ï¸ï¸ï¸ï¸ï¸ï¸,1,
vao,1,
eden,1,
xÃ ,1,
diá»u,1,
pá»±,1,
kckskckdocmskckdkckdovk,1,spam
phen,1,
sale5k,1,
cuá»—m,1,
táº¯p,1,
tuyá»ƒn,1,
hje,1,
á»›i,1,
ğŸ¤,1,
1mÃ©t,1,
jsjhsbhs,1,spam
lá»§ng,1,
Ä‘Ã´,1,
lÄƒngs,1,
Ä‘Ã³n,1,
mÃ u15,1,
xá»™c,1,
báº§n,1,
skmsnsnsnmsnsnsnsnsnsnsnsnsnsnsnsnsnsnsnsnsns,1,spam
gÆ°ong,1,
ğŸ§,1,
by,1,
Ä‘jep,1,
giá»¡n,1,
giÃ¡m,1,
chiá»m,1,
brown,1,
hÆ¡p,1,há»£p
xiá»n,1,
m12,1,
hahchdhdhcdxcdsd,1,spam
aya,1,
láº­nï¸son,1,láº­n son
krk,1,spam
doÌ€ng,1,
Ä‘Æ°pj,1,
galaxy,1,
lrmvkrk,1,spam
ndjsjndjkskjsjdhsjksmkdknfnjdj,1,spam
thankyou,1,
trg,1,
vá»¯ng,1,
khÃºch,1,
vÃ³ie,1,vá»›i
nháº¡c,1,
jealous,1,
75,1,
dáº¡n,1,
hihihihihihihih,1,
ğŸ¤–,1,
lÃ¬m,1,
cjats,1,
169k,1,
four,1,
naixu,1,
tÆ¡Ìi,1,
kÃ­nh,1,
kiá»ƒ,1,
chek,1,
bij,1,
dÃºng,1,
â€ï¸â€ï¸â€ï¸â€ï¸â€ï¸â€ï¸ï¸ï¸ï¸ï¸ó §ó ¢ó ¥ó ®ó §ó ¿ï¸ï¸ï¸ï¸,1,
háº¡p,1,
okokok,1,
vun,1,
nhanha,1,
xá»‹nh,1,
akxfm,1,spam
beterâ€,1,
nhÃ©esdsede,1,spam
hihihihihihihihihihi,1,
chá»©n,1,
np,1,
mÄƒn,1,
blend,1,
nhá»‹n,1,
ğŸ˜µ,1,
giá»«,1,
váº¯n,1,
ofelia,1,
quÃ£ng,1,
hghjhjnjnjnbhgh,1,spam
trÃ²i,1,
Ã¢Ìm,1,
ngiu,1,ngÆ°á»i yÃªu
khÃ ,1,
poplplplp,1,spam
sonm,1,son
thÆ°á»n,1,
sonxkbfnskxjxibslxncÃ³nsbcksjskcfndnxjd,1,spam
quáº¡o,1,
bgio,1,bÃ¢y giá»
hsjnzjzis,1,spam
rá»—ng,1,
cá»n,1,
nhÃ¢Ìt,1,
djdjdjsjsjsjsjsisjksdbdjdjdbxjsi,1,spam
trá»“ng,1,
Ä‘omgs,1,
kco,1,
á»±a,1,
cáº¡a,1,
2mua,1,
216,1,
jkbgjcgcgkjbjkjh,1,spam
ï¸ï¸ï¸ï¸ï¸ï¸ï¸ï¸ï¸ï¸ï¸ï¸ï¸ï¸ï¸ï¸ï¸ï¸ï¸ï¸ï¸ï¸ï¸,1,
khio,1,
gÃ¬tcard,1,
chun,1,
máº¯ng,1,
facebok,1,facebook
ğŸµ,1,
á»¥,1,
maÌ€y,1,
nÃ g,1,
Ä‘l,1,
Ä‘Ã¢Ì€u,1,
lÃ¡m,1,
rá»‰,1,
taÌ£i,1,
au,1,
lÆ¡p,1,
ahzbjzjs,1,spam
â€œtháº¯mâ€,1,
khsao,1,
rÃ y,1,
quÃ©o,1,
lá»‘c,1,
tuyá»‡n,1,
Ä‘uÌ€ng,1,
kmf,1,
ghjnbvcgvg,1,spam
chaÌn,1,
Ä‘eh,1,
hanhg,1,
edition,1,
ver1,1,
g6,1,
sá»©t,1,
12h,1,
Æ°ngâ€ï¸,1,
nhx,1,
lÃ¡o,1,
traÌi,1,
sze,1,
ğŸ’¢,1,
loÃ¡,1,
7k,1,
cáº±n,1,
5s,1,
fntjsjabfabcndjdkdfjgkcnxskanflosjxnfkdoskdncjfkÄ‘jcnkfkofkfovgkogokgkgkgk,1,spam
pakaging,1,
ğŸ“¦,1,
1vaf,1,
for,1,
lri,1,
sigum,1,
elf,1,
jdjdjdjdjdjdjdjdjdjdjdjd,1,spam
skinlax,1,
nÆ°uax,1,
83,1,
cÆ°á»›p,1,
nghen,1,
cÃ¢nd,1,
lyowngj,1,
shipers,1,
32,1,
biÃªt,1,
shops,1,
luÃ´nmnmgxgfzfjgzvbjhfx,1,spam
Ä‘Ã­ng,1,
lovere,1,
háº¡y,1,
cushion,1,
nÆ°á»›t,1,
xeÌt,1,
twenty,1,
hihuh,1,
â€œbare,1,bare
xá»¥y,1,
dah,1,
chÃ¢td,1,
yc,1,
ï¸má»—i,1,
163k,1,
sáº£ng,1,
hihihihihihihihi,1,hihi
banb,1,
tv,1,
jmdmvj,1,spam
nhÄƒn,1,
ulzang,1,
sÆ¡Ìm,1,
ğŸ¤¢,1,
Æ°ngs,1,Æ°ng 
uá»‘n,1,
cluong,1,cháº¥t lÆ°á»£ng
bon,1,
run,1,
kxjdjdbdjdkjdjdjdsjsjsjxjsjsjsjxjsjdjdjdjs,1,spam
jndkdndjsnsj,1,spam
mnhj,1,máº¡nh
ring,1,
muá»—ng,1,
qáº¥t,1,quáº¥t
Ä‘Ã¡g,1,
soc,1,
candylab,1,
thoÃ¡i,1,
nÃ yhá»£p,1,nÃ y há»£p
luÃ´nson,1,luÃ´n son
vÃ³ng,1,
Ä‘ÄƒÌ£c,1,
undertone,1,
sÃ´i,1,
spf15,1,
si,1,
jsjsjsji,1,spam
dÃ£n,1,
lyÌ,1,
Ã¨n,1,
Ä‘uqá»£c,1,Ä‘Æ°á»£c
Ä‘Æ°Ìa,1,
Ã©nkmsnkanf,1,spam
háºµng,1,
ğŸ™…,1,
okik,1,oke
riview,1,review
pit,1,
ğŸ¥±,1,
gjao,1,giao
cá»›,1,
âˆ†,1,spam
tf,1,
kout,1,cao
coca,1,
xanb,1,
hÃ²an,1,
Ä‘angs,1,Ä‘Ã¡ng
truyÃªÌ€n,1,
biets,1,biáº¿t
nhÃ³e,1,
jxkdbjxjx,1,spam
feadback,1,
nhieug,1,nhiá»u
cmn,1,spam
20s,1,
muá»‘t,1,
chiang,1,
â˜˜,1,
godfdfdfd,1,good
laÌƒi,1,
cÆ°c,1,
tiÌn,1,
tá»…,1,
toaÌ€n,1,
lÃ©mï¸ï¸ï¸,1,
hoaÌ€ng,1,
qui,1,
ğŸ¤Ÿ,1,
3th,1,
gá»£n,1,
láº©u,1,
biÌ€,1,
vhehshshshsbsbshshshsbsbdbdbdbdbd,1,spam
sá»©,1,
há»“g,1,
chiÃªÌc,1,
roÌƒ,1,
sonï¸ï¸ï¸ï¸ï¸ï¸ï¸ï¸ï¸ï¸ï¸ï¸ï¸ï¸ï¸,1,
lÃ­p,1,
hÃ¡ndndidndjdjdbjdndjdjdndndndndndjdjdjdnfb,1,spam
chiÃªdc,1,chiáº¿c
á»i,1,
vÃ¢ng,1,
hiÃªir,1,hiá»ƒu
háº­u,1,
svsvxbsbzbsbsb,1,
á»k,1,
nynsnyndjdkdldldld,1,spam
kcjdjshsnshwhuwhdhsueuwy,1,spam
bibi,1,
phu,1,
kiem,1,
habgx,1,hÃ ng
trá»‘n,1,
cÆ°á»›i,1,
hoho,1,
goa,1,
pÃ ,1,
hoÃ£n,1,
ï¸so,1,
mÆ°Æ¡i,1,
hadng,1,hÃ ng
121,1,
5ml,1,
khá»‰,1,
khubgr,1,
ká»,1,
chata,1,
Ä‘ia,1,
khuyen,1,
khay,1,
gato,1,
cÃºng,1,
mÃ u23,1,
8icy,1,
adgklqtiodgjkzxvnmwtjoknsfbnmdgjn,1,spam
nxet,1,
chocolate,1,
sont,1,
hiuhiu,1,
ksbxjd,1,spam
never,1,
cháº½,1,
kháº£u,1,
wc,1,
táº¹t,1,
triwf,1,
velver,1,
há»™l,1,
ghjkjbhjkjhjkj,1,spam
fa,1,
sv,1,
zá»«a,1,
m04,1,
phait,1,pháº£i
fkd,1,
hÃªhihihaha,1,spam
hjekvk,1,
much,1,
tÃ´tyt,1,
váº¥t,1,
háº¿u,1,
á»•nmÃ u,1,á»•n mÃ u
khg,1,khÃ´ng
chuáº©,1,chuáº©n
vÃ³,1,
shiped,1,
coÃ¡,1,
xÃ¬nh,1,
trá»›i,1,
sample,1,
q1,1,
pháº©mÄ‘áº¹p,1,pháº©m Ä‘áº¹p
ngkh,1,
vÄƒn,1,
láº«y,1,
taÌ£m,1,
Ãªu,1,
luÃ´nm,1,luÃ´n
chis,1,
nhÄƒÌc,1,
mÃº,1,
nhehihi,1,nhe hihi
hshsh,1,spam
phÃ¢m,1,
dt09,1,
tá»¥,1,
vá»‰,1,
transfer,1,
nhÃ©ï¸,1,
náº­hn,1,
hj,1,
luÃ´,1,
xÃ²a,1,
Æ°nh,1,
vá»›t,1,
ï¸ï¸ï¸ï¸ï¸ï¸ï¸ï¸ï¸ï¸ï¸ï¸ï¸ï¸ï¸ï¸ï¸ï¸ï¸ï¸ï¸ï¸ï¸ï¸ï¸ï¸ï¸ï¸ï¸ï¸ï¸ï¸ï¸ï¸ï¸ï¸ï¸ï¸ï¸ï¸ï¸ï¸,1,
huy,1,
okokokokokokokomokomomokok,1,ok
khoan,1,
6g,1,
ngáº­p,1,
okokokokokokokomokomomok,1,ok
momg,1,
bá»­a,1,
baner,1,banner
tick,1,
kskdmdlcn,1,spam
báº¯n,1,
tois,1,
áº£,1,
hihihihihihihihihihihihihihi,1,hihi
tÃ¢Ì€m,1,
anyf,1,
lhair,1,
cháº£ng,1,
ná»,1,
zoi,1,
quáº©y,1,
1gwa3d,1,spam
152k,1,
nÃªÌ€n,1,
ï¸ï¸ï¸ï¸ï¸ï¸ï¸ï¸ï¸ï¸ï¸ï¸ï¸ï¸ï¸ï¸ï¸ï¸,1,
tes,1,
Ä‘epi,1,Ä‘áº¹p
huá»‘ng,1,
huynh,1,
Ä‘osng,1,Ä‘Ã³ng
dson,1,
xuá»,1,
luá»‘c,1,
kmanfncj,1,spam
Ä‘iá»ƒu,1,
giÃ´ng,1,
nhÆ°Ì£a,1,
hÃ¢hwjwjwnenwnenenenendndjdkdkdkdkjxjcjncncnfndnd,1,spam
makeupismyart,1,spam
cháº©n,1,chuáº©n
shirley,1,
lÃ ng,1,
khÃ´Ì‰,1,
ğŸƒ,1,
bery,1,
hÃ bg,1,hÃ ng
ï¸â€ï¸,1,
jdndjd,1,spam
Ãºa,1,
hoáº£ng,1,
sÆ°j,1,
bÃ£o,1,
giopngs,1,giá»‘ng
gáº£,1,
gaio,1,giao
haizahdndndncmcmcmcmcmcmcmn,1,spam
nhá»¯g,1,nhá»¯ng
sáº³m,1,
má»“,1,
má»i,1,
Ä‘á»±p,1,Ä‘á»±ng
trÄƒng,1,
cháº¡p,1,
má»‹nm,1,má»‹n
thickrast,1,
huhuh,1,
dndndjdndjdndndndndndndndndjkckckxkdkxkxkxkxkxkxkx,1,spam
háº§y,1,
bla,1,
lÃ¨n,1,
sf,1,
sing,1,
luÃ¢n,1,
ğŸ¤˜,1,
báº·t,1,
Æ¡iu,1,
daily,1,
neh,1,
xÃ¡t,1,
lá»›m,1,
803,1,
chuá»™t,1,
xá»‡ch,1,
109k,1,
Ã¢,1,
ğŸŒ±,1,
Ä‘Ã³i,1,
xáº¯t,1,
okfghjkfgbcdyczsegfxvhtefgxzxcdsdftgfd,1,ok
xaid,1,
olglvlvl,1,
ae,1,
váº¯t,1,
za,1,
hcmc,1,thÃ nh phá»‘ há»“ chÃ­ minh
máº­u,1,
áº»,1,
ğŸ¥€,1,
cá»­,1,
guao,1,
hsnfg,1,spam
giá»mÃ´i,1,
lÃ´Ì‰,1,
hv,1,
Ä‘áº¡qt,1,
Ä‘áº¹pnÃªn,1,Ä‘áº¹p nÃªn
yo,1,
dewy,1,
lquan,1,
ğŸ¤«,1,
bl,1,
nhÃ¹i,1,
lÆ¡Ìp,1,
jgcgjkghkb,1,spam
xaÌc,1,
believe,1,
hÃ£ngá»§ng,1,
jskslbzb,1,spam
soÌ€,1,
havemust,1,
cá»«,1,
icháº¥t,1,
jkem,1,
okiokioki,1,
ajwbsuwbswjshyeiwnwusbsjsjsbsbdjsjanaidbdhdhdbdbdndjdisjsnsjsnsjsjnskaiansnisbwbdidbdhysbksnshxfbajsiwkwnwnwjnwjwjw,1,spam
yes,1,
kgoÌ,1,
4g,1,
bsbdhidbijbdbidudbehwubduhdubeubeybdybeye,1,spam
vnhgtrxvbnjgfrÄ‘c,1,spam
backpaging,1,
chÆ¡Ì£,1,
sÃ nh,1,
tháº¥tvongj,1,tháº¥t vá»ng
mystery,1,
say,1,
kskxkxkxkxkxkxkcjcjcjcjcjcic,1,spam
tue,1,
dáº¡y,1,
kiki,1,
moq,1,mong
lasting,1,
Ä‘á»Ÿ,1,
jgfjkmhgfbnk,1,spam
camp,1,
nÃ¹i,1,
lichi,1,
á»§mg,1,
chÄƒÌ£t,1,
bet,1,
dÆ°ng,1,
tÃ´te,1,
naÌ£,1,
xáº½o,1,
gá»“i,1,
lÃªÌt,1,
kokoko,1,spam
huhuhuhuhu,1,huhu
háºµn,1,
ndkcjbdkabk,1,spam
nkg,1,
ntin,1,
130k,1,
sunset,1,
tcvn,1,
khac,1,
thuá»‘c,1,
mshb,1,spam
háº¥p,1,
lá»­a,1,
1triá»‡u,1,1 triá»‡u
hamgf,1,
khia,1,
cash,1,
hÃ¡ng,1,
phytothre,1,
kiá»m,1,
tgsf,1,
yáº»n,1,
qoa,1,
105kï¸,1,
chá»™i,1,
Ä‘ÄƒÌt,1,
tháº§y,1,
heo,1,
trÃ¡m,1,
Ä‘epkpl,1,
jejejkekekejejdjdjdjdjdjdjdjdjdj,1,spam
traÌ£ng,1,
â€™cvfhdhjnbfgbvhbjvchjvg,1,spam
bane,1,
thá»a,1,
13k,1,
hastag,1,
120,1,
máº«ue,1,máº«u
náº»n,1,
gá»‘i,1,
as,1,Ã¡
kmfm,1,spam
sugus,1,
cáº¡c,1,
dá»™,1,
gsgfefghdsdgvbhyfdfgh,1,spam
ráº­t,1,
doanh,1,
choaÌ‰nh,1,
nhanhï¸ï¸,1,
170k,1,
bianeglips,1,
car,1,
Ã h,1,Ã 
40k,1,
há»¡i,1,
bthg,1,bÃ¬nh thÆ°á»ng
lens,1,
báº£y,1,
cáº¯m,1,
truyá»n,1,
hen,1,
moÌn,1,
lÃ¬ï¸ráº¥t,1,
táº±ng,1,
tá»i,1,
kfmfkcjkckdkfmfvorlfplvlvrlnjkrv,1,spam
ğŸ˜«,1,
hjkv,1,spam
dfc,1,
kieu,1,kiá»ƒu
29k,1,
láº·ng,1,
bÆ¡Ì€,1,
chloe,1,
film,1,
806,1,
ğŸ’˜,1,
ğŸ˜·,1,
xunh,1,
tÃ¨m,1,
beauty,1,
bá»b,1,
bá»…,1,
ğŸ¥‚,1,
xiÌ‰n,1,
thong,1,
20p,1,
lá»,1,
cheap,1,
tá»‰a,1,
vaÌ€ng,1,
xÃ­uï¸,1,
jdjdjdjdjdjdjdjfcjf,1,spam
dnhdnskndndjsnendndndnsndnkwnwnwnsnsnsn,1,spam
muÃ´na,1,
rá»i,1,
ğŸ¤™,1,
dhfnibeudjcnshjcjakhdjdhsbcknagxkbhxbdnxjncnfjcncjsncjdnhcnfisnhjcjvfknxnj,1,spam
Ãºn,1,
cáº­o,1,
oekdo,1,
bá»•n,1,
â€,1,
gb,1,
authmÃ u,1,auth mÃ u
ï¸Ä‘Ã¢y,1,
Ä‘oa,1,
chÄƒt,1,
khiyren,1,
ngÃ´,1,
joyful,1,
tÆ¡n,1,
Ä‘ay,1,
Ä‘Æ¡Ìƒ,1,
ye,1,
láº¥n,1,
vÃ©,1,
hÃ¢hahajajajakakakakakzmznmznsnsnsmnsnsnsnsns,1,spam
first,1,
nhá»«n,1,
nhueng,1,
5â€™,1,5 phÃºt
slowly,1,
nháº¹p,1,
nÃ¬,1,
áº¡awawqawa,1,sam
bnia,1,
táº¯t,1,
ğŸ‘ˆ,1,
ï¸sáº½,1,
chuan,1,chuáº©n
okokokokokokok,1,ok
ï¸ï¸ï¸ï¸ï¸ï¸ï¸ï¸ï¸ï¸ï¸ï¸ï¸ï¸,1,
8h,1,
nhiá»ƒu,1,
xÃ´i,1,
truá»›c,1,
nhaÌƒo,1,
nhÃ©t,1,
okokokokokokokokokokokokokokokokokokokokokokokokokokokmo,1,ok
rá»“ivaxn,1,
lá»‹a,1,
chae,1,
bÃ¡e,1,
com,1,
m15,1,
lipink,1,
å…«,1,spam
máº§,1,
bnjh,1,
káº¹mvuekvmej,1,spam
watch,1,
neutral,1,
bonut,1,
skn,1,
thÃ¢nj,1,tháº­n
chuáº¥t,1,
Ä‘nai,1,
kaka,1,
m05,1,
tháº£i,1,
troÌc,1,
gfgh,1,
khan,1,
lÃ Â£,1,
tÃ u,1,
rá»£,1,
gÃ©m,1,
gaÌ€ng,1,
hÃªtd,1,
ohuf,1,
Ã¡k,1,
nhÃ g,1,nhÃ ng
mÃªli,1,
nhÆ¡,1,
inisfre,1,
Ä‘sanh,1,Ä‘Ã¡nh
authi,1,
ná»™,1,
8Ä‘,1,
habgf,1,hÃ ng
couple,1,
vfdsfhrsrtrdseyugetugsryhfgh,1,spam
Ä‘Ãºt,1,
dthg,1,dá»… thÆ°Æ¡ng
vá»iui,1,
saÌ£ch,1,
nia,1,
Ä‘áº¹polpgbc,1,Ä‘áº¹p
bcjxÆ°kdnjxjdjdbjdkÆ°bdibjeksbxÃµhdbdj,1,spam
nhat,1,
áº£nh1,1,áº£nh 1
chen,1,
about,1,
v6red,1,
Ã­ï¸giao,1,
ğŸ¡,1,
Ä‘Ãªn,1,
láº¯om,1,
qngs,1,spam
lÃ³c,1,
bÃª,1,
Ä‘Ã¡m,1,
fhjhgjhfdagnkhjkmnbnvcfdsfjiuferwfhuyfvnkjcnmkjdvnjzbngdbyhxrbadhcwdhjnxzvnkjgdzcbnjh,1,spam
ğŸ‚,1,
nhwng,1,
malaysia,1,
sjsjdndndahjajansnsndndndnxnxnxnxnxjdkskjsdnxnxnxnxnxnxnxnx,1,spam
trÆ°á»›câ€ï¸,1,
xáº£n,1,
vaog,1,
jgdhjkhfhjhgjkweyjg,1,spam
series,1,
banh,1,
xÃ y,1,
miÃªn,1,
babjsjd,1,spam
qtroi,1,quÃ¡ trá»i
ï¸ï¸ï¸ï¸ï¸ï¸ï¸ï¸ï¸ï¸ï¸ï¸ï¸ï¸ï¸ï¸ï¸ï¸ï¸ï¸ï¸ï¸ï¸ï¸ï¸ï¸ï¸ï¸,1,
abcabcbabcbabc,1,spam
cÃ¬n,1,
trÃ´Ì£n,1,
59,1,
excelent,1,
vaf,1,
quáº§n,1,
bezt,1,best
kiÌƒ,1,
bhxhdududhdbdbhdhxudhdhehehehevejuxiucucuchxhxyxyx,1,spam
báº¯p,1,
nek,1,
sÃºa,1,
xi,1,
ï¸son,1,
vanile,1,
nhiá»u2,1,
tÃ n,1,
vb,1,
tá»¥t,1,
hiopj,1,
neong,1,
omg,1,
Ã¬nh,1,
nbpbpb,1,spam
boÌng,1,
heheï¸,1,
jfvdujhdsghbvfghjkj,1,spam
tung,1,
Ä‘á»©c,1,
thoáº£,1,
strong,1,
gáº¯p,1,
nÃªm,1,
zá»µ,1,
kdoso,1,
ndnxn,1,
mdu,1,
authentic,1,
chiá»‡n,1,
ï¸ï¸ï¸ï¸ï¸ï¸ï¸ï¸ï¸ï¸ï¸ï¸ï¸ï¸ï¸ï¸ï¸ï¸ï¸ï¸,1,
pumpkin,1,
hsjsjdjsksksksksksksksksksisisjsjsjsjsj,1,spam
backaging,1,
neÌk,1,
hnaj,1,
nun,1,
qas,1,
truyá»‡t,1,
siui,1,
Ä‘Æ¡Ì£i,1,
cÃ´n,1,
khÃ©o,1,
dinkout,1,Ä‘á»‰nh cao
dá»“i,1,
duyáº¿t,1,
â‰§â—¡â‰¦,1,spam
icy,1,
avmbc,1,
scan,1,
nhanhgh,1,
maybelin,1,
phá»“ng,1,
rÃ¢u,1,
band,1,
if,1,
pvc,1,
tháº£oi,1,
Ä‘uá»c,1,
jahsbhx,1,spam
mÄ©nh,1,
chÄƒÌnmnm,1,cháº¯n
ky,1,
burn,1,
hoingf,1,
nÃ yÄ‘áº¹p,1,nÃ y Ä‘áº¹p
number,1,
sá»‰u,1,xá»‰u
uá»‘nh,1,uá»‘ng
giaÌ‰,1,
gjkrkv,1,spam
thÆ°n,1,
táº¿ch,1,
drugstore,1,
zero,1,
nhá»©t,1,
dÃ²,1,
siá»‡u,1,
aÌ,1,
dsax,1,
photoshop,1,
1p30s,1,
cÃ ngï¸ï¸ï¸,1,
fulsize,1,
nxnxnx,1,spam
basic,1,
giuÌ£c,1,
moÌ‰ng,1,
tia,1,
má»‹e,1,
137,1,
product,1,
ná»›i,1,
mÆ¡n,1,
thoÃ¡ng,1,
chunhs,1,
ğŸ’Ÿ,1,
dá»¡,1,
ğŸ§,1,
thÆ¡mu,1,
zuzizksjihu,1,spam
cnxnsmsncnfmz,1,spam
bá»«a,1,
from,1,
v13,1,
dÄƒt,1,
Ä‘ings,1,
pháº¥t,1,
meÌo,1,
indy,1,
phÃ¢dm,1,
pháº¹c,1,
asasasÄ‘f,1,spam
album,1,
khá»§q,1,khá»§ng
biá»ƒu,1,
jneb,1,
mÃ´m,1,
hihihihigihihi,1,
nghÃ¨o,1,
bdbxbdbdbdbdbdbdbdbdbdxhxhdhxhfhfh,1,spam
aÌ£a,1,áº¡
trÃ¢u,1,
okikik,1,
vdmdkaknfmc,1,spam
Ä‘áº±g,1,Ä‘áº±ng
mau20,1,mÃ u 20
hÃ©,1,
Ä‘á»‹h,1,
ğŸ¥¶,1,
124k,1,
fgklvbhjolkhgfg,1,spam
tota,1,
láº§b,1,
Ä‘Ã¡ngmua,1,
Ä‘Ä©a,1,
cjdjdjdnÄ‘jdjdjdjdjdjdjdjdjÃªjsjedjdndj,1,spam
hahag,1,
ya,1,
lips,1,
nÄƒÌp,1,
mÄƒÌ£c,1,
kahah,1,
ahsbsj,1,
shopï¸ï¸ï¸,1,
flashale,1,
luoni,1,luÃ´n Ã­
hÄ‘,1,
muá»•n,1,
maf,1,
rá»›c,1,
o4,1,
â‚«2,1,
miÃªÌƒn,1,
kÃªÌ,1,
Ã¡dfghkvdsasgbnvcdgjbdsfhjhfscvbgd,1,spam
bÃªÌt,1,
bÃ²,1,
jdndjdjdjanhdjsjsndnx,1,spam
are,1,
láº¥u,1,
bÃ¹i,1,
Ä‘áº¹pï¸ï¸ï¸,1,
troioi,1,trá»i Æ¡i
â€ï¸son,1,son
áº¡ï¸ï¸ï¸,1,
nÃºm,1,
xog,1,
máº¡c,1,
má»‹nh,1,
bit,1,
nheâ€ï¸,1,nhe
nayd,1,nÃ y
hÆ°o,1,
a12br,1,
od,1,
hdhdhdhdjd,1,spam
cáº¯n,1,
xá»‰ui,1,xá»‰u
tá»‘p,1,
xá»‰a,1,
ohanr,1,
one,1,
mu,1,
á»‘,1,
â˜†,1,
tháº¿t,1,
táº·nh,1,
sc,1,
blush,1,
luÃ´nmnj,1,
nhuengx,1,
Ä‘uÃ´i,1,
riu,1,
bic,1,
Ãªá»,1,
nÃª,1,
moing,1,
yew,1,
minhf,1,mÃ¬nh
ná»¯aï¸ï¸ï¸ï¸,1,
gt,1,
loáº»,1,
tiÃªm,1,
ná»¯avá»,1,
lÃ©pm,1,
owirnfiejdkxiwndnei,1,spam
moÌ€n,1,
dac,1,
ãƒ½,1,spam
wow,1,
thá»,1,
gáº£y,1,
váº¡n,1,
chiyuztyichogitdhoviditfuogyikhviyfitciydufykgyi,1,spam
neu,1,
lÃº,1,
a01,1,
kháº³ng,1,
biÃªn,1,
ofical,1,
mÃ¹u,1,
tháº­ncho,1,tháº­n cho
háº¿,1,
okmnkjk,1,
thÆ¡if,1,thá»i
áº£nh2,1,
báº¡t,1,
thuá»·,1,
cod,1,
quÆ¡i,1,
áº¡Äƒa,1,áº¡
qlai,1,quay láº¡i
moa,1,
jery,1,
guá»³,1,
ran,1,
chong,1,
hjkliuydxvhjhgfdf,1,spam
bÃ´Ì£t,1,
vfa,1,
kÃªn,1,
65k,1,
ngiá»‡t,1,
thaÌng,1,
nhiud,1,
mast,1,
lÃ©mn,1,
cÃ³bthe,1,cÃ³ thá»ƒ
quáº­n,1,
okdhdbdbdbsbdhdhdhdhdhdhdhdhdhdhdhdhdhdhÄ‘hdhÄ‘hdhd,1,spam
1phut,1,1 phÃºt
trÆ°Ì£c,1,
â‚«Ã¢y,1,
Ä‘á»±oc,1,Ä‘Æ°á»£c
m1,1,
chaÃ¡t,1,cháº¥t
tiáº¿pop,1,
oie,1,
balacaynenvangmelacaynenxanh,1,spam
bjyxszdbjyxszdbjyszdbiyzszd,1,spam
84849,1,
ï¸ï¸ï¸ï¸ï¸ï¸ï¸ï¸ï¸ï¸ï¸,1,
organic,1,
hihjkjhbgbsbsjzsgzgdhsbsdndnsns,1,spam
muions,1,
nhiÃ¨u,1,nhiá»u
dan,1,
njhjnkjnkjahscjknkjdfnjhfj,1,spam
snkqjbwakjzbwjaijwbebkskxkc,1,spam
enough,1,
hÃªhehehe,1,hehe
tuÌ£c,1,
â€œthankyouâ€,1,
bibia,1,
quaÌ€,1,
jdbdjdnjwbhxbdhdbjebjxbejwnixbdjdb,1,spam
choice,1,
dwfewgrgregefgfgrbgbrgrghrgrg,1,spam
bá»‹p,1,
Ä‘áº¯tï¸,1,
tá»‘tyty,1,
láº¥,1,
hulu,1,
uke,1,
cháº¯t,1,
checkcÄ‘c,1,check Ä‘Æ°á»£c
bá»,1,
nhÅ©n,1,
gÃ²n,1,
záº«n,1,
choÃ©t,1,
favourite,1,
thá»,1,
Ä‘áº¹pnlawms,1,Ä‘áº¹p láº¯m
cá»ng,1,
hihiekzkzkzkzkzkzkzkzkzkzkzjzjzjznznznznzn,1,spam
handmade,1,
jshsbsbsbsbsbsbsbsndnbdxbdh,1,spam
dsghbjdaxvbhmtrfdeghtrdghdaqwh,1,spam
bank,1,
thajn,1,tháº­n
nhÆ°Ìƒng,1,
vá»‘i,1,
hihu,1,
á»©c,1,
dyhihpvgjchxhcugogvkhchgihikhvhfgxcjvjhgchf,1,spam
oÃ nh,1,
chym,1,
mqix,1,
giÄƒng,1,
vs14,1,
plastic,1,
ol,1,
ná»¯Ã¢a,1,
okï¸,1,
jajahabahd,1,spam
niá»‡m,1,
giÃ a,1,
Ä‘á»±Æ¡c,1,
sdÃ¹ng,1,sá»­ dá»¥ng
saÌp,1,
lá»i,1,
abftdhxochcouc9cu9c8xodpfohvkjk,1,spam
phá»±c,1,
goÌp,1,
nhÃ u,1,
250k,1,
nhuÃ´n,1,
saÌ€i,1,
hanbf,1,
aldkjfuiakaldnfbk,1,spam
ipek,1,
come,1,
xjdjdkdndjdjksksksksksksk,1,spam
going,1,
creamy,1,
aiubshs,1,
Ä‘epn,1,
tiÃªc,1,
175k,1,
tráº¯g,1,
hiuhu,1,
fack,1,
sáºµnâ€,1,sáºµn
dÄ‘d,1,spam
dÃ²n,1,
chá»«a,1,
sÆ°at,1,
Ä‘áº­u,1,
hÃ¬nhcuá»‘i,1,hÃ¬nh cuá»‘i
Ä‘iÃªu,1,
secret,1,
hÃ³t,1,
cm07,1,
huh,1,
báº«m,1,
tuÃ¢Ì€n,1,
vÃ¡t,1,
shopopop,1,
Æ°nq,1,
ï¼ŒcÃ³,1,
bÃ³i,1,
cháº§y,1,
urng,1,
giai,1,
bÃ©o,1,
chá»nhÆ¡i,1,chá»n hÆ¡i
quaÌ‰ng,1,
gÃ´m,1,
tráº»o,1,
Ã²i,1,
bento,1,
qÃ ,1,
onr,1,
giÃ²n,1,
cÃ³gia,1,cÃ³ gia
hshehdgsgshevhsgenehbejejegejbehevebebheveg,1,spam
fjfkdidiejdjudejeidbdidj,1,spam
há»¯ng,1,
uab,1,
nhanu,1,
nÃ ï¸,1,
hun,1,
lÆ°á»£g,1,lÆ°á»£ng
qan,1,
kbt,1,
nhÃºm,1,
lÃ¢uiuiu,1,lÃ¢u iuiu
Ä‘Ãºc,1,
hoaÌ€n,1,
wÃ ,1,
tuá»™t,1,
pÆ¡,1,
voj,1,
heheheheheh,1,hehe
shadow,1,
dá»“n,1,
cá»‹t,1,
lÃ²ngqgf,1,lÃ²ng
tÄƒm,1,
ngáº­m,1,
17h,1,
laneige,1,
hagf,1,hÃ ng
ngÃ¹i,1,
mÃ¢y,1,
skxndjkx,1,spam
Ä‘son,1,
ahihihihi,1,ahihi
ğŸŒ¿,1,
rÃ¹iï¸5,1,
bÃ y,1,
âŒ,1,
chá»¥y,1,
trá»«u,1,
xÃ nh,1,
blod,1,
áº£o,1,
mouse,1,
loe,1,
Ã¹,1,
báº£g,1,báº£ng
Ä‘Ã£a,1,Ä‘Ã£
nz,1,
luÃ´nï¸ï¸ï¸ï¸ï¸,1,
159k,1,
ktra,1,kiá»ƒm tra
buÌ€,1,
eiejdneixjd,1,spam
nars,1,
nhiehlkjzcuh,1,spam
mquf,1,
Ä‘á»¥,1,
keng,1,
heart,1,
thpwm,1,thÆ¡m
jfcjk,1,spam
bas,1,
cá»™p,1,
nxnxnxnxnx,1,spam
lá»±,1,
Ã­iu,1,iu
fhojhogjchchfghjgjhkgjcjhfchchfhfhjgkgkgkjgjgfjgkchgzgxbcjvkbkhihtdtrseadzgchvhkljojygfdzgcjkbjlitf5e4wt698090oguhv,1,spam
gÃ¡p,1,
cÆ°Æ¡Ì€i,1,
14k,1,
váº£,1,
nkdb,1,spam
má»•,1,
sá»t,1,
Ä‘áº·n,1,
dáº¥y,1,
xl,1,
hour,1,
tÃ´Ìi,1,
á»§,1,
phÆ°á»›c,1,
dau,1,
muaï¸,1,
Ä‘á»‰m,1,
vaselin,1,
nenh,1,
alaska,1,
xinhï¸ï¸,1,
nhresxcnhtgbnk,1,spam
há»—n,1,
báº£nh,1,
thá»§e,1,
nhÃ¬m,1,
mawth,1,
240k,1,
1xk,1,
vÃ¡ng,1,
roy,1,
pure,1,
nhai,1,
Ä‘anha,1,Ä‘Ã¡nh
láº¯mï¸,1,
nakajagsvsijabsvsgahshsdvhÄ‘hdbdjdjdj,1,spam
vÃ©n,1,
khÃ¡i,1,
ngoaÌ€i,1,
chuÌt,1,
trÃ¢y,1,
náº§y,1,
Ä‘cÆ°á»£,1,Ä‘Æ°á»£c
pvu,1,
lÃ¬â€ï¸,1,lÃ¬
háº¿tï¸ï¸ï¸ï¸ï¸ï¸ï¸ï¸ï¸ï¸,1,
bá»±a,1,
thÃ­mï¸ï¸ï¸,1,
hÃ ngbnhinb,1,hÃ ng nhÃ¬n
cáº·p,1,
107k,1,
sach,1,
njsjsjksenejejenehsjsjsnsj,1,spam
fhjvdfghjhxhjhsdfhjhvcgjkhghjhgcyghv,1,spam
bnhiu,1,bao nhiÃªu
index,1,
aurora,1,
dÆ¡n,1,
shoptido,1,
1mÃ u,1,1 mÃ u
âœ…,1,
ğŸ¤,1,
eye,1,
cá»™c,1,
phÆ¡n,1,
thá»‰nh,1,
lá»±u,1,
traÌ€n,1,
okelala,1,
hsbskskahsbskdkdjÄ‘gÄ‘jdjdhdhdhdjdhdhdh,1,spam
pan,1,
phÃ¢rm,1,pháº©m
szdszdszdszdszdszdszd,1,spam
gymoutfit,1,
dsasng,1,
hÃ©t,1,
duyet,1,duyá»‡t
thiÃªÌ£n,1,
luá»£ng,1,
ghnvchjkuhbxsfcbnkbvczs,1,spam
vÆ°a,1,
kÃ½,1,
cháº¥y,1,
okeÃªere,1,oke
loÃ¨e,1,
halowen,1,haloween
nk,1,
há»™n,1,
with,1,
gskmfj,1,spam
cáº¥m,1,
Ä‘áº¹plplp,1,Ä‘áº¹p 
tuong,1,
ğŸ,1,
báº¥tk,1,
a31,1,
150,1,
loÃ¨,1,
lipice,1,
chÃ o,1,
thiÃªng,1,
3l,1,
9h,1,
nhaÌƒn,1,
beautiful,1,
hsnsuanavoabshskabausnzvhakavhkabsgzianbs,1,spam
cÃ¢Ì‰,1,cáº©n
chÃ©o,1,
taÌc,1,
shp,1,
Ã¹ui,1,
hÃ¬n,1,hÃ¬nh
Ä‘uo2jc,1,Ä‘Æ°á»£c
lÃ²m,1,
Ä‘iá»ƒn,1,
Ä‘z,1,Ä‘Æ°á»£c
chÃ¡u,1,
dusty,1,
nhÃ ï¸ï¸ï¸,1,
color,1,
Ä‘iemr,1,Ä‘iá»ƒm
dafodil,1,spam
ks,1,
ğŸ˜¼,1,
sl,1,
dáº¥t,1,
hÃ£hjsisjsjxbjanmxmxkckfkdkdkckcnbvshzbxjdkxnx,1,spam
láº¹t,1,
tuitvt,1,
kbit,1,
gÃµi,1,
cáº¡o,1,
nhiug,1,
6ngay,1,6 ngay
lÃ¢Ìy,1,
bloger,1,
nm,1,
xÃ³m,1,
jcy,1,
kckfkvn,1,spam
qequhdjsjsn,1,spam
oreal,1,
gioa,1,giao
Ã³n,1,
Ä‘á»¥c,1,
magic,1,
godfd,1,good
dÃ u,1,
chiÌnh,1,
muasa,1,
bgdfhgfdgcf,1,spam
sÃ³ng,1,
sdt,1,
zen,1,
Ã¢n,1,
vi,1,
chuÌc,1,
16h,1,
3ï¸,1,
choÄ‘Ã¡ng,1,cho Ä‘Ã¡ng
hjgfhjhcg,1,spam
cm01,1,
5tr,1,
4c,1,
hjhjh,1,
tÃªÌt,1,
nvfmncnvnv,1,spam
cá»±cchuáº©n,1,cÆ°c chuáº©n
ná»,1,
lÄ‘,1,
â€ï¸ï¸,1,spam
gshidodgsgsjdkxgdhdkdgdbvsvajhdhdghd,1,spam
xing,1,
shab,1,
bigbabol,1,
goded,1,
ráº¥tbÄ‘angs,1,ráº¥t Ä‘Ã¡ng
dodori,1,
huenf,1,
á»™p,1,
xáº­m,1,
trao,1,
xe,1,
ngen,1,
jvckbvbh,1,spam
concealer,1,
lá»±Æ¡ng,1,
Ã´nq,1,
xach,1,
gsjskdvskdvxlhqhdogbcxcvbnmklhgdaqweyilhgfdáº¡gnbcxghkgdfhklhgdthbgfv,1,spam
â€ï¸â€ï¸â€ï¸,1,spam
matcara,1,
thÆ°Ì,1,
xoxoxo,1,spam
Ä‘r,1,
lÃ¢i,1,
guardian,1,
Ä‘Ã¢Ì€y,1,
dkskckfkvkckdkskcmdkvmvdlvmowoqlcloemckfifmckwkcmkeckdovmwlck,1,spam
vÆ¡if,1,
cáº¥n,1,
má»‡i,1,
tuyejt,1,tuyá»‡t
njuwng,1,ná»±ng
hÃªt,1,
cÃ¢m,1,
eh,1,
ğŸŒ³,1,
phá»‡ch,1,
l6,1,
ncisnskjc,1,spam
hjfimfbjwbdkejvdjir,1,spam
nhÃ¡t,1,
ğŸ¤­,1,
okÄ‘Ã´i,1,ok Ä‘Ã´i
caÌo,1,
taÌn,1,
phÃ³ng,1,
ná»Ÿ,1,
má»“n,1,
uh,1,
má»t,1,
dug,1,dÃ¹ng
bÄƒÌt,1,
uais,1,
nowshipngay,1,
bugati,1,
láº§nl,1,láº§n 
quas,1,quÃ¡
tÃ¹,1,
nÃºt,1,
ane,1,
tiÃªp,1,
fail,1,
sáº¥y,1,
káº§n,1,cáº§n
giÅ©e,1,giá»¯
thá»Ÿ,1,
qtr,1,quan trá»ng
dáº¹t,1,
vá»iu,1,vá»i yÃªu
